hospital_id,hospital_name,address,district_id,pincode,latitude,longitude,mco_contact_number,total_beds,hospital_type
32049,Aastha Ayurvedic Clinic,"C10/27 Sector 15 Rohini Delhi (near manav chowk), North West Delhi, Delhi, 110086",127.0,110086.0,28.733938,77.131976,,,
32050,Acharyaashree Bhikshu Hospital,"Moti Nagar, West Delhi, Delhi, 110015",133.0,110015.0,28.662001,77.140252,"011 25423011, 011 25101552, 011 25423514",,
32051,Action Cancer Hospital,"A - 4, Paschim Vihar, West Delhi, Delhi, 110063",133.0,110063.0,28.673901,77.111307,011 49222220,,
32052,Aditya Verma Medical Centre,"32 Chitra Vihar, Vikas Marg,Behind Laxmi Nagar, East Delhi, Delhi, 110092",130.0,110092.0,28.637585,77.290999,"011 22448008 , 011 22043893",,
32053,AIIMS,"Ansari Nagar, Aurobindo Marg, South West delhi, Delhi, 110029",134.0,110029.0,28.566678,77.209089,"011 26588500, 011 26588700, 011 26589900",,
32054,Apex City Hospital,"Hanuman Road, D-Block, West Vinod Nagar, Near Mayur Vihar and Parparganj mother dairy, IP Extension, East Delhi, Delhi, 110091",130.0,110091.0,28.619373,77.302082,"011 22472111, 011 22473111",,
32055,Aruna Asaf Ali Government Hospital,"5, Rajpur Road, Civil Lines, North Delhi, Delhi, 110054",128.0,110054.0,28.670103,77.217775,"011 23965532, 011 23831524",,
32056,Ayurveda Kendra,"B - 5/99 and 100 Safdarjung Enclave, Near R.K.Khanna Tennis Stadium, South West delhi, Delhi, 110029",134.0,110029.0,28.561031,77.189004,"011 26181606, 011 26182022,011 41652897, 011 41652898",,
32057,Ayushman Hospital,"Plot Number-2, Sector-12, Dwarka, South West delhi, Delhi, 110075",134.0,110075.0,28.596592,77.049286,"011 42811114 , 011 42811115 , 011 42811116 , 011 42811117,011 42811118",,
32058,B M Gupta Private Hospital,"H-11/12/14/15, Uttam Naga, West Delhi, Delhi, 110059",133.0,110059.0,28.619424,77.061474,011 47157777,,
32059,Baba Saheb Ambedkar Hospital,"Bhagawan Mahavir MargSector 6, Rohini, North Delhi, Delhi, 110085",128.0,110085.0,28.714798,77.113628,"011 27055585, 011 27933256",,
32060,Babu Jagjivan Ram Memorial Hospital,"E Block,Bhalswa Jahangirpuri, North West Delhi, Delhi, 110033",128.0,110033.0,28.734927,77.172541,"011 27634636, 011 27636955, 011 27631810, Extension- 308",,
32061,Banarasi Dass Chandi Wala Eye Institute,"Chandiwal Estate, MAA Anandmai Marg, Kalkaji, South Delhi, Delhi, 110019",135.0,110019.0,28.4851694,77.1963652,"011 49020100, 011 49020133",,
32062,BensupsHospital,"Bensups Avenue, Sector 12, Dwarka, South West Delhi, Delhi, 110075",134.0,110075.0,28.592877,77.04423,011 45550000,,
32063,Bhagwan Mahavir Hospital,"H-4,5 , Near pitampura Club,, Pitampura,, Near Keshav Maha Vidhyalaya,Co-operative Group Housing Societies Pitampura, Bhagwan Buddha Housing Corporation Society, Pitampura, North West Delhi, Delhi, 110034",127.0,110034.0,28.68842,77.118028,"011 27034538, 011 27033947",,
32064,Bhagwati Hospital,"1/113, Nr Dreamland School, Desu Road, Mehrauli, South West Delhi, Delhi, 110030",134.0,110030.0,28.524188,77.178874,"011 26643304, 011 26643305",,
32065,BLK Super Speciality Hospital,"Pusa Road, Central Delhi, Delhi, 110005",132.0,110005.0,28.643629,77.179969,011 30403040,,
32066,"Centre for Sight, Safdarjung Enclave","B-5/24, Safdarjung Enclave, Opposite Deer Park, South West Delhi, Delhi, 110029",134.0,110029.0,28.56012,77.190956,"011 45738888, 011 41644000",,
32067,Chacha Nehru Bal Chikitsalaya,"Near Petrol Pump, Raja Ram Kohli Marg, Sai Memorial School, Geeta Colony, East delhi, Delhi, 110031",130.0,110031.0,28.653112,77.268416,"011 22013373, 011 22013374",,
32068,City Hospital,"B-1 / 1 N.E.A, Pusa Road, Central Delhi, Delhi, 110060",132.0,110060.0,28.6990095,77.2314634,011 42255555,,
32069,Cosmos Institute of Mental Health and Behavioural Sciences (CIMBS),"35, Defence Enclave, Opposite,Preet Vihar Petrol Pump, Metro Pillar No-88-89, Vikas Marg, East Delhi, Delhi, 110092",130.0,110092.0,28.64026,77.293123,"011 66226525, 011 22524726",,
32070,Shri Dadab Dev Mother and Child Hospital,"Nasirpur Near Dabrimore, Janakpuri, South West Delhi, Delhi, 110045",134.0,110045.0,28.60986,77.082173,"011 25395528, 011 25395536",,
32071,Deen Dayal Upadhyay Hospital,"Near Ghanta Ghar, Hari Nagar, West Delhi, Delhi, 110064",133.0,110064.0,28.628026,77.112409,"011 25494402, 011 25494403, 011 25494404, 011 25494405, 011 25494406, 011 2549407,011 25494408, 011 25125700,011 25494264",,
32072,Delhi Heart and Lung Institute,"3 - MM II, Panchkuian Road, Central Delhi, Delhi, 110055",132.0,110055.0,28.641636,77.205219,011 42999999,,
32073,Delhi State Cancer Institution,"8, GTB Hospital Complex, Dilshad Garden, GTB Enclave, Dilshad Garden, East Delhi, Delhi, 110095",130.0,110095.0,28.686246,77.30906,011 22135700,,
32074,"Delhi State Cancer Institution, Janak Puri","C-2/B, Janak Puri, West Delhi, Delhi, 110058",133.0,110058.0,28.6545456,77.0810555,011 25501111,,
32075,Dharamshila Cancer Hospital and Research Centre,"Near New Ashok Nagar Metro Station, Dharamshila Marg, Vasundhara Enclave, East Delhi, Delhi, 110096",130.0,110096.0,28.60239,77.314198,011 43066353,,
32076,Dr B R Sur Homoeopathic Medical College and Hospital,"Block H, Nanakpura, Moti Bagh (West), South West delhi, Delhi, 110021",134.0,110021.0,28.586536,77.16851,"011 24105298, 011 24105299",,
32077,Dr Shroffs Charity Eye Hospital,"Dr Shroff Charity Eye Hospital. 5027, Kedarnath Road, Near Golcha Cinema Hall, Opp. DAV SchoolDariya Ganj, Central Delhi, Delhi, 110002",132.0,110002.0,28.645721,77.242131,"011 43524444, 011 43528888",,
32078,Dr. Hedgewar Arogya Sansthan,"Karkardooma, North East Delhi, Delhi, 110032",129.0,110032.0,28.655718,77.293404,"011 22382686, 011 22393155, 011 22393354",,
32079,Dr. N.C. Joshi Hospital,"Joshi Road, Karol Bagh, Central Delhi, Delhi, 110005",132.0,110005.0,28.65235,77.199232,"011 23611786, 011 23622498, 011 25082282",,
32080,Dr.Shroff's Charity Eye Hospital,"105, 'Surya Kiran', 19,Kasturba Gandhi Marg, Central Delhi, Delhi, 110001",132.0,110001.0,28.627437,77.22238,"011 41510906, 011 41510907, 011 23313383, 011 23326900 , 011 23722014",,
32081,Fortis La Femme,"S-549, Near Don Bosco School, Greater Kailash - II, South Delhi, Delhi, 110048",135.0,110048.0,28.528962,77.243759,"011 40579400, 011 40579400",,
32082,G B Pant Hospital,"Delhi Gate, Jawahar Lal Nehru Marg, Asaf Ali Road, Central Delhi, Delhi, 110002",132.0,110002.0,28.638942,77.235117,"011 23234242,011 23233001,011 23238109, 011 23233945",,
32083,Guru Gobind Singh Hospital,"27, Raghubir Nagar, Rajouri Garden,, West Delhi, Delhi, 110027",133.0,110027.0,28.6545456,77.0810555,"011 25988532, 011 25984549,011 25988548",,
32084,Guru Nanak Eye Center,"Near Ram Lila Grounds, Maharaja Ranjit Singh Marg, Central Delhi, Delhi, 110002",132.0,110002.0,28.638594,77.232427,011 23234612,,
32085,Guru Teg Bahadur Hospital,"Department of Obstetricsand Gynaecology, Dilshad Garden, East Delhi, Delhi, 110095",130.0,110095.0,28.684248,77.310052,"011 22586262, 011 22588383, 011 22692222",,
32086,Health Centre Cum Maternity Hospital,"Kanti Nagar, East Delhi, Delhi, 110051",130.0,110051.0,28.6117432,77.2982794,"011 22099942,011 22097399",,
32087,Hemraj Jain Hospital,"N. H 1, C-1 Block, Janakpuri, West Delhi, Delhi, 110058",133.0,110058.0,28.619658,77.082141,"011 49111444, 011 49111400, 011 27020748",,
32088,Hindu Rao Hospital,"DR. J.S. Kkaranwal Memorial Road, Near Malka Ganj, Sabji Mandi, Malka Ganj, North Delhi, Delhi, 110007",128.0,110007.0,28.675331,77.212327,"011 23919476, 011 23913562, 011 23919563, 011 23919634, 011 23919625, 011 23919769, 011 23919704, 011 23919761, 011 23919728, 011 23919738, 011 23932390",,
32089,Holy Family Hospital,"Near Fortis Escorts Hospital, Okhla Road, South Delhi, Delhi, 110025",135.0,110025.0,28.563064,77.275766,"011 26845900, 011 26845909, 011 26332800, 011 26332809",,
32090,Indian Spinal Injuries Centre,"Vasant Kunj, Sector C, Opp. Vasant Valley School, South West delhi, Delhi, 110070",134.0,110070.0,28.532814,77.141877,011 42255225,,
32091,Institute of Human Behaviour and Allied Sciences,"Near GTB Hospital, Dilshad Garden, ShahdaraGTB Enclave, Dilshad Garden, East Delhi, Delhi, 110095",130.0,110095.0,28.682077,77.304923,"011 22114021, 011 22597750, 011 22583056, 011 22112136, 011 22583402",,
32092,Institute of Liver and Biliary Sciences,"D-1, Vasant Kunj, South West delhi, Delhi, 110010",134.0,110010.0,28.50626,77.165056,"011 46300000, 011 26706700",,
32093,Jag Parvesh Chander Hospital,"Shastri Park, East Delhi, Delhi, 110031",130.0,110031.0,28.676617,77.260994,"011 22184455, 011 22184453",,
32094,Jain Hospital,"177 - 178, Jagriti Enclave, Vikas Marg Extension, Saini Enclave, Karkardooma, Anand Vihar, East Delhi, Delhi, 110092",130.0,110092.0,28.652551,77.306886,"011 43055355, 011 22146442",,
32095,Fortis La Femme,"2 Institutional Area, Sector-III, Rohini, North Delhi, Delhi, 110085",128.0,110085.0,28.7872279,77.0980903,"011 47600555, Extension: 127, 311",,
32096,Janakpuri Super Speciality Hospital,"C-2B, Near Fire Station and Bharti Mahila College, Janakpuri, West Delhi, Delhi, 110058",133.0,110058.0,28.620878,77.089958,"011 25552023, 011 25552024, 011 25552024",,
32097,Jeevan Jyoti Hospital,"Kiran Garden, Main Matiala Road, Uttam Nagar, West Delhi, Delhi, 110059",133.0,110059.0,28.6545456,77.0810555,"011 25338330, 011 25338869",,
32098,Jiva Ayurveda Clinic,"Shop No-4, P-11, Pandav NagarMayur Vihar, Phase-I, East Delhi, Delhi, 110091",130.0,110091.0,28.6117432,77.2982794,011 41521213,,
32099,Kalawati Saran Hospital,"C- 604, Shivaji Stadium Bus Terminal Co. Place, Shaheed Bhagat Singh Marg, Central Delhi, Delhi, 110001",132.0,110001.0,28.6990095,77.2314634,011 23363728,,
32100,Kalra Hospital and SRCNC,"Tulsi Dass Kalra Marg, Kirti Nagar, West Delhi, Delhi, 110015",133.0,110015.0,28.657943,77.144899,"011 45005600, 011 45005700",,
32101,Kasturba Gandhi Hospital,"Near Jama Masjid, Dariya Ganj, Central Delhi, Delhi, 110002",132.0,110002.0,28.6990095,77.2314634,"011 23274376,011 23270390",,
32102,Khandelwal Hospital and Urology Centre,"B-16, East Krishna Nagar Main Road,Opp. Swarah Cinema, East Delhi, Delhi, 110051",130.0,110051.0,28.655735,77.291433,"011 22094843, 011 22094844",,
32103,Khetarpal Hospital,"F-95, Bali Nagar, Near Ramesh Nagar Metro Station, Main Najafgarh Road, West Delhi, Delhi, 110015",133.0,110015.0,28.652513,77.130062,"011 45515100, 011 25923139, 011 25923140",,
32104,Kukreja Hospital and Heart Centre,"C-1 Vishal Enclave, Rajouri Garden, West Delhi, Delhi, 110027",133.0,110027.0,28.647074,77.117334,011 45675000,,
32105,Lal Bahadur Shastri Hospital,"Near Kalyanvas Colony, Khichripur-Mayur Vihar Phase II, East Delhi, Delhi, 110091",130.0,110091.0,28.617833,77.311454,"011 22774145, 011 22774146, 011 22778282, 011 22786828",,
32106,Lok Nayak Hospital,"Jawahar Lal Nehru Marg, Central Delhi, Delhi, 110002",132.0,110002.0,28.638354,77.238407,"011 23236000, 011 23232400, 011 23233400",,
32107,M.K.W Hospital,"J-12, J-Block, Community Centre, Rajouri Garden, West Delhi, Delhi, 110027",133.0,110027.0,28.63898,77.119608,"011 45609999, 011 25171745",,
32108,Maharishi Balmiki Hospital,"Ground Floor, Pooth Khurd, North West Delhi, Delhi, 110039",127.0,110039.0,28.775841,77.049567,"011 27761524, 011 27761525",,
32109,Mata Chanan Devi Hospital,"C-1, Janakpuri, West Delhi, Delhi, 110058",133.0,110058.0,28.6545456,77.0810555,"011 25610009, 011 25554487, 011 25554702, 011 45582000, 011 25554702",,
32110,Maulana Azad Institute of Dental Sciences,"M.A.M.C. J.L. Nehru Marg, Central Delhi, Delhi, 110002",132.0,110002.0,28.637232,77.236983,"011 23233925, 011 23239271, 011 23239272,011 23239273,011 23239274,011 23239275, 011 23239276",,
32111,"Max Hospital, Pitampura","Near HP Twin Tower, Near TV Tower, Pitampura, Wazirpur District CentreNetaji Subash Place, Shakurpur, North West Delhi, Delhi, 110034",127.0,110034.0,28.693155,77.151786,011 47351844,,
32112,"Max Super Speciality Hospital,Saket","2, Press Enclave Road, Saket, South Delhi, Delhi, 110017",135.0,110017.0,28.527363,77.211767,011 26515050,,
32113,"Max Super Speciality Hospital, Shalimar bagh","Fc-50, C and D Block, Shalimar Bagh, North West Delhi, Delhi, 110088",127.0,110088.0,28.727692,77.152653,011 66422222,,
32114,"Metro Hospital and Heart Institute, Lajpat Nagar","14, Ring Road, Lajpat Nagar-IV, South Delhi, Delhi, 110024",135.0,110024.0,28.564636,77.243734,"011 26442277, 011 26237963",,
32115,National Heart Institute,"49-50, Community Centre, East Of Kailash, Behind Sapna Cinema, South Delhi, Delhi, 110065",135.0,110065.0,28.558263,77.246365,"011 46600700, 011 46606600, 011 65900900",,
32116,Nehru Homeopathy Medical College and Hospital,"B-Block, Defence Colony, South Delhi, Delhi, 110024",135.0,110024.0,28.571359,77.228755,"011 24334225, 011 24334226, 011 24334228, 011 24331193,011 24330803",,
32117,Nova Specialty Surgery Center,"A - 19/A, Kailash Colony, South Delhi, Delhi, 110048",135.0,110048.0,28.555666,77.241216,011 40465555,,
32118,Pandit Madan Mohan Malviya Hospital,"Behind Main Market, Malviya Nagar, South Delhi, Delhi, 110017",135.0,110017.0,28.535576,77.213901,"011 26680603, 011 26689999, 011 26672467",,
32119,Poor House Hospital,"Sewa Kutir Complex , Kingsway Camp, Beggers Home , G.T.B.Nagar, North West Delhi, Delhi, 110009",127.0,110009.0,28.7379145,77.0100626,"011 23965532, 011 23831524",,
32120,Pt. Madan Mohan Malviya Hospital,"Malviya Nagar, South Delhi, Delhi, 110017",135.0,110017.0,28.53559,77.213906,"011 26689999, 011 26672534",,
32121,Pushpawati Singhania Research Institute,"Press Enclave Marg, Sheikh Sarai II, South Delhi, Delhi, 110017",135.0,110017.0,28.533366,77.225184,"011 30611700, 011 30611900, 011 30611999",,
32122,Rajiv Gandhi Super Speciality Hospital,"Tahirpur, Near Gtb Hospital, Dilshad Garden, East Delhi, Delhi, 110093",130.0,110093.0,28.689009,77.316356,011 22312244,,
32123,Ram Manohar Lohia Hospital,"Near Goldaak Khana, Baba Kharak Singh Marg, Connaught Place, Central Delhi, Delhi, 110001",132.0,110001.0,28.626334,77.209114,"011 23365525, 011 23348200, 011 23741640, 011 23741649, 011 23741639, 011 23743769, 011 23404470",,
32124,Rao Tula Ram Memorial Hospital,"Jaffar pur, South West delhi, Delhi, 110073",133.0,110073.0,28.594712,76.913168,"011 25318070, 011 25318444, 011 25318555 (Extension. 201)",,
32125,RLKC Hospital and Metro Heart Institute,"Naraina Road, Pandav Nagar, Central Delhi, Delhi, 110008",132.0,110008.0,28.6990095,77.2314634,011 25891015,,
32126,Rockland Hospital,"B-33 and34, Qutab Institutional Area Katwaria Sarai, South West delhi, Delhi, 110016",134.0,110016.0,28.538099,77.184293,011 47667100,,
32127,"Rockland Hospital,Dwarka","Rockland Dwarka Plot HAF-B Sector – 12 Dwarka, South West delhi, Delhi, 110075",134.0,110075.0,28.596399,77.045927,"011 48222222, 011 41222222, 011 47667100",,
32128,Sanjay Gandhi Memorial Hospital,"S-Block, Near Bus Terminal, Mangolpuri, North West Delhi, Delhi, 110083",127.0,110083.0,28.693868,77.080588,"011 27914171, 01127923864, 01127915990",,
32129,Sant Parmanand Hospital,"18, Sham Nath Marg, Civil lines, North Delhi, Delhi, 110054",128.0,110054.0,28.67791,77.224223,011 23994401,,
32130,Sardar Vallabh Bhai Patel Hospital,"Balraj Khanna Marg, East Patel Nagar, Behind Patel Road Metro station, Central Delhi, Delhi, 110008",132.0,110008.0,28.646889,77.169184,"011 25881201, 011 25885944",,
32131,Satyawadi Raja Harish Chandra Hospital,"Narela, North West Delhi, Delhi, 110040",127.0,110040.0,28.840574,77.103334,"011 27787304, 011 27787305",,
32132,Shanti Mukund Hospital,"Institutional Area, Vikas Marg Extn, (Near Metro Pillar No.- 116, 2, Dayanand Vihar, Karkardooma, East Delhi, Delhi, 110092",130.0,110092.0,28.645703,77.301625,011 22371928,,
32133,Sir Ganga Ram Hospital,"Sir ganga ram road, old Rajinder Nagar, Central Delhi, Delhi, 110060",132.0,110060.0,28.638443,77.189791,"011 25750000,011 4224000",,
32134,Sitaram Bhartia Institute of Science and Research,"B-16, Qutab Institutional Area, South West delhi, Delhi, 110016",134.0,110016.0,28.537855,77.184674,011 42111111,,
32135,Sri Balaji Action Medical Institute,"A - 4, Paschim Vihar, West Delhi, Delhi, 110063",133.0,110063.0,28.674023,77.110307,"011 2888888, 011 45666666",,
32136,St. Stephens Hospital,"Railway Colony, Tis Hazari, North Delhi, Delhi, 110054",128.0,110054.0,28.665163,77.214537,"011 23966021, 011 23966022, 011 23966023",,
32137,Sucheta Kriplani Hospital,"C-604, Opp Shivaji Stadium Bus Terminal, Shaheed Bhagat Singh Marg, Connaught Place, Central Delhi, Delhi, 110001",132.0,110001.0,28.635406,77.213304,"011 23408100, 011 23363778, 011 23363788, 011 23363728",,
32138,Sunder lal Jain Hospital,"Phase - III, Ashok Vihar, North Delhi, Delhi, 110052",128.0,110052.0,28.691891,77.181579,011 47030900,,
32139,Talwar Medical Centre,"M-139, Part-II, Greater Kailash II, South Delhi, Delhi, 110048",135.0,110048.0,28.536239,77.244043,"011 29216441, 011 29216442",,
32140,The Apollo Clinic,"F-19, Plot No. 5, Sector 8, Opposite M2K, Rohini, South Delhi, Delhi, 110065",135.0,110065.0,28.4851694,77.1963652,"011 27942334, 011 27942335,01127942336, 01127942337",,
32141,Vardaan Hospital,"B -100, Malviya Nagar, South Delhi, Delhi, 110017",135.0,110017.0,28.537321,77.215009,"011 46018201, 01126689911",,
32142,Vasan Eye Care Hospital,"Plot No 500, Kohat Enclave, PWD Road - 1 Opp. Metro Pillar No. 345, Pitampura, North West Delhi, Delhi, 110034",127.0,110034.0,28.698961,77.139124,011 39890600,,
32143,VIMHANS (Vidya Sagar Inst. of Mental Health and Neurosciences),"No.1, Institutional Area, Nehru Nagar, Delhi, South Delhi, Delhi, 110065",135.0,110065.0,28.569684,77.250878,"011 29849010, 011 29849020",,
32144,Army College of Medical Sciences,"Army College of medical sciences, Near Base Hospital, Delhi Cantt, South West delhi, Delhi, 110010",134.0,110010.0,28.586744,77.131998,"011 25687642,011 25687644, 011 25687645",,
32145,University College of Medical Sciences,"University College of Medical Sciences, Dilshad Garden, East Delhi, Delhi, 110095",130.0,110095.0,28.682994,77.309769,"011 25687642,011 25687644, 011 25687645",,
32146,Lady Hardinge Medical College,"Lady HardingeMedical College C- 604, Shivaji Stadium Bus Terminal ConnaughtPlace, Shaheed Bhagat Singh Marg, central Delhi, Delhi, 110001",132.0,110001.0,28.63507,77.212509,"011 23239271, 011 23239280",,
32147,Hamdard Medical College,"Hamdard Nagar, South Delhi, Delhi, 110044",135.0,110044.0,28.514268,77.250206,011 64788202,,
32148,Malik Radix Health Care,"C-218, Nirman Vihar, East Delhi, Delhi, 110092",130.0,110092.0,28.635333,77.288169,"011 22011192, 011 22011196,011 22011208",,
32149,Ayushmann Ent Hospital,"E-21/240 Sector 3, Rohini, North Delhi, Delhi, 110085",128.0,110085.0,28.700375,77.102597,,,
32150,Dr. Rajendra Prasad Centre For Ophthalmic Science,"All India Institute of Medical Sciences,Ansari Nagar, South West delhi, Delhi, 110029",134.0,110029.0,28.566876,77.208733,,,
32151,Astha Nursing and Maternity Home,"1613, Pataudi House, Darya Ganj, Central Delhi, Delhi, 110002",132.0,110002.0,28.6990095,77.2314634,"011 23282405, 011 23272790",,
32152,"Chaudhary Eye Centre and Laser Vision, Darya Ganj","Eye7 Chaudhary Eye Centre and Laser Vision, 4802/24, Daryaganj, Central Delhi, Delhi, 110002",132.0,110002.0,28.6990095,77.2314634,011 23243717,,
32153,"Chaudhary Eye Centre and Laser Vision, Lajpat Nagar","Eye7 Chaudhary Eye Centre34 Lajpat Nagar IV, Ring Road, South Delhi, Delhi, 110024",135.0,110024.0,28.4851694,77.1963652,011 41010202,,
32154,"Chaudhary Eye Centre and Laser Vision, Karol Bagh","Eye7 at Fortis Karol BaghWEA, Karol Bagh, New Delhi,, Central Delhi, Delhi, 110005",132.0,110005.0,28.6990095,77.2314634,,,
32155,Neera Eye Centre and Laser Vision,"99, Bharat Ram Road, Opposite Commercial School, Darya Ganj, Central Delhi, Delhi, 110002",132.0,110002.0,28.642567,77.242886,"011 23270775, 011 66304989",,
32156,Sai Retina Foundation,"F-5, Basement and Ground FloorNear Mrignayani Chowk, Dilshad Colony, North East Delhi, Delhi, 110095",129.0,110095.0,28.683586,77.328643,011 40680225,,
32157,Dr. Avinish B. Chopra,"Clinic 4 (Stone Clinic),4 Jor Bagh, South East Delhi, Delhi, 110003",135.0,110003.0,28.5448946,77.2723284,"011 41001001, 011 41005005, 011 24622622",,
32158,East West Medical Centre Pvt.,"37 Prithviraj Road, Central Delhi, Delhi, 110011",132.0,110011.0,28.6990095,77.2314634,"011 24699229, 011 24690429, 011 24698865",,
32159,Bali Nursing Home,"20B/3, D.B. Gupta Road Karol Bagh, Central Delhi, Delhi, 110005",132.0,110005.0,28.650254,77.196632,"011 28717474, 011 41547040",,
32160,Centre for Joint Rejuvenation,"16/1,New Rohtak Road, Karol Bagh, Central Delhi, Delhi, 110005",132.0,110005.0,28.6990095,77.2314634,"011 64645081,011 64645082,011 64645083",,
32161,Fortis Jessa Ram Hospital,"W.E.A. Karol Bagh, Central Delhi, Delhi, 110005",132.0,110005.0,28.6990095,77.2314634,011 45013222,,
32162,Genesis Hospital Pvt . Ltd,"C-1/130 , Block C1, Janak Puri, Central Delhi, Delhi, 110058",132.0,110058.0,28.62066,77.08127,"011 45259999, 011 45259900,011 45259921,011 45259922, 011 45259923",,
32163,Jeewan Nursing Home and Hospital,"2 - B, Pusa Road, Sadhu Vaswani Marg, Central Delhi, Delhi, 110005",132.0,110005.0,28.6990095,77.2314634,011 42430246,,
32164,Jessa Ram Hospital,"6/35, Gurudwara Road, Karol Bagh West Extension Area, Karol Bagh, Central Delhi, Delhi, 110005",132.0,110005.0,28.645299,77.188128,"011 51503222 , 011 51503223, 011 51503224,011 51503225",,
32165,Khetarpal Nursing Home,"GN-5, FandG Sector, Shivaji Enclave (Near Shivaji College), West Delhi, Delhi, 110027",133.0,110027.0,28.652152,77.125153,"011 45600000, 011 25433131, 011 25433132, 011 25449935, 011 25164545,011 25442292",,
32166,"Sharp Sight Centre, Vikas marg","81, Defence Enclave,(Opp. Preet Vihar) Vikas Marg, East Delhi, Delhi, 110092",130.0,110092.0,28.639639,77.292523,"011 43073902,011 43073903,011 43073904,011 43073905,011 43073906 011 22461134,011 22461135, 011 22461146",,
32167,"Sharp Sight Centre, Shanti Niketan","A28, Westend Colony, Near Shanti Niketan, South West Delhi, Delhi, 110021",134.0,110021.0,28.574639,77.163588,011 24112301,,
32168,"Sharp Sight Centre, Pusa Road","7B Rajendra Park, Opposite Rajendra place, Metro pillar 153, Main Pusa road, Central Delhi, Delhi, 110060",132.0,110060.0,28.64204,77.1766,"011 47565505, 011 47565506,011 25728944, 011 65702464",,
32169,"Vasan Eye Care Hospital, Karol Bagh,","No.36-B, Opposite Metro Pillar No.125, Pusa Road, Karol Bagh, Central Delhi, Delhi, 110060",132.0,110060.0,28.64298,77.183742,011 39890000,,
32170,"Vasan Eye Care Hospital, Greater Kailash","E-16, Hans Raj Gupta Marg, Greater Kailash-1, Opposite HSBC Bank, South Delhi, Delhi, 110048",135.0,110048.0,28.548639,77.241218,011 39890700,,
32171,"Vasan Eye Care Hospital, Janak Puri","No.A1-20, Opposite Metro Pillar, No.634, Janakpuri, New Delhi, West Delhi, Delhi, 110059",133.0,110059.0,28.625612,77.068385,011 39890300,,
32172,"Vasan Eye Care Hospital, Model town","B-190, Derawal Nagar, Model Town, North West Delhi, Delhi, 110009",127.0,110009.0,28.703422,77.191342,011 30106800,,
32173,"Vasan Eye Care Hospital, Panchsheel Park","S- 61 (Basement), South Delhi, Panchsheel Park, South Delhi, Delhi, 110017",135.0,110017.0,28.542776,77.214019,,,
32174,"Vasan Eye Care Hospital , Preet Vihar","F14, Opposite Metro Pillar No. 94, Near Metro Station Gate No. 2, Preet Vihar, East Delhi, Delhi, 110092",130.0,110092.0,28.641776,77.296238,011 39890500,,
32175,Gouri Hospital,"30, Malka Ganj Road, Jawahar Nagar, North Delhi, Delhi, 110007",128.0,110007.0,28.679706,77.207911,"011 47164716, 011 47164713, 011 47164700",,
32176,Bharti Eye Hospital,"E-52, Eklavya Vithi, Block E, Greater Kailash I, South Delhi, Delhi, 110048",135.0,110048.0,28.549705,77.243573,"011 2924 2784, 011 29243937,",,
32177,Bharti Eye Foundation,"Building No. 1/3 East Patel Nagar, (Near Metro Station), Central Delhi, Delhi, 110008",132.0,110008.0,28.64559,77.169243,"011 25889900, 011 25885533,",,
32178,Brahm Shakti Hospital and Research Center,"U1/78, Budh Vihar, North West Delhi, Delhi, 110086",127.0,110086.0,28.712343,77.081205,011 27531683,,
32179,Goyal Eye Institute,"1/10 East Patel Nagar,Opp. Metro Pillar No. 176, Central Delhi, Delhi, 110008",132.0,110008.0,28.650506,77.160545,"011 25881259, 011 25888145,",,
32180,Kailash Nursing Home Pvt Ltd,"44, 49-51, Patel Road, Block 8, South Patel Nagar, Central Delhi, Delhi, 110008",132.0,110008.0,28.645092,77.168296,"011 25847411, 011 25847412, 011 65494962",,
32181,"Vision Eye Centre, Siri Fort","19, Siri Fort RoadSector 3, Sadiq Nagar, South Delhi, Delhi, 110049",135.0,110049.0,28.554946,77.225256,"011 26267611, 011 26267617, 011 26267612",,
32182,"Vision Eye Centre, West Patel Nagar","12/27, West Patel Nagar, Near Arya Samaj Mandir, Central Delhi, Delhi, 110008",132.0,110008.0,28.648335,77.167953,"011 25882129, 011 25887228,",,
32183,Dr.Rajan Arora,"A1/10 Sec-11 Rohini. Opposite of Japanese Park, Near Rithala Metro Station, North West Delhi, Delhi, 110088",127.0,110088.0,28.7379145,77.0100626,,,
32184,"Narang Eye Institute, Model Town","B-8, Ring Road, Derawal Nagar, Model Town, North West Delhi, Delhi, 110009",127.0,110009.0,28.703225,77.191737,"011 2714 1134,011 2714 2598",,
32185,Narang Eye Institute,"A-10, Shyamji Krishna Varma Marg, Opposite Harsh Vihar District Park, Lok Vihar, Pitampura, North West Delhi, Delhi, 110034",127.0,110034.0,28.692949,77.13474,"011 47581563, 011 47060434",,
32186,Kiran Eye Care Centre,"B-50, Derawal Nagar, North West Delhi, Delhi, 110009",127.0,110009.0,28.699857,77.188493,"011 27134959, 011 27430434",,
32187,Kiran Eye Centre,"C-211, Phase II Road, Jhilmil Colony, North East Delhi, Delhi, 110095",129.0,110095.0,28.669428,77.310442,011 64603093,,
32188,Nova Specialty Hospital,"66A/2, New Rohtak Road, Block 67,Karol Bagh, Central Delhi, Delhi, 110005",132.0,110005.0,28.658,77.194245,"011 40043300, 011 40043307",,
32189,Nova Specialty Hospital,"R-2, Nehru Enclave, New Delhi, Near Okhla Flyover on the Outer Ring road, South Delhi, Delhi, 110019",135.0,110019.0,28.4851694,77.1963652,011 66297500,,
32190,"VRI Leg Clinic, New Friends Colony","D-961,New Friends Colony, Opp.Mata Mandir, Friends Colony West, South Delhi, Delhi, 110065",135.0,110065.0,28.561787,77.266459,011 26920412,,
32191,Sankhwar Hospital,"D – 134,Near Mayur Vihar Phase-3, Kondli, East Delhi, Delhi, 110096",130.0,110096.0,28.615037,77.323794,"011 22612400, 011 22612433, 011 22612455",,
32192,Smilekraft Multispeciality DentalClinics,"2144, Thekedaar Surjeet Singh Marg, Outram Lines, Mukherjee Nagar, North West Delhi, Delhi, 110009",127.0,110009.0,28.698793,77.207579,011 27606636,,
32193,"Smilekraft Multispeciality DentalClinics, South Ex","A-22/3, 1st floor, South Extension-1, South Delhi, Delhi, 110049",135.0,110049.0,28.573993,77.218877,011 46047199,,
32194,"Smilekraft Multispeciality DentalClinics, South Ex-1","5-D-Block, South Ex-1, New Delhi, Arya Poly Clinic, D-Block, South Ex Part-1, South Delhi, Delhi, 110049",135.0,110049.0,28.4851694,77.1963652,011 32639969,,
32195,Jeewan Hospital and Nursing Home Private Limited,"150,Jeewan Nagar, Opp. Maharani Bagh, South Delhi, Delhi, 110014",135.0,110014.0,28.578366,77.259356,"011 26340303,011 26341430,011 26342401",,
32196,M M Eyetech Institute,"Clinic and Diagnostic Center,29, Link Road, Lajpat Nagar - III, South Delhi, Delhi, 110024",135.0,110024.0,28.4851694,77.1963652,"011 29847800,011 29847900",,
32197,Ashray Medical Centre,"W.H.S-2/24,Timber Market, Kirti Nagar, West Delhi, Delhi, 110015",133.0,110015.0,28.6545456,77.0810555,"011 25411359,011 45579874",,
32198,Handa Nursing Home,"57, Najafgarh Road, Raja Garden, West Delhi, Delhi, 110015",133.0,110015.0,28.650773,77.125322,"011 25433342, 011 25415726, 011 25162299,011 45606000",,
32199,Ganesh Ortho Trauma and Medical Centre,"F-15/7, Hansraj Marg, Near BSES Office , Krishna Nagar, East Delhi, Delhi, 110051",130.0,110051.0,28.658779,77.287128,011 43146100,,
32200,Axiss Dental,"489/55/1, Near Corner Market,Maharshi Dayanand Road, Malviya Nagar, South Delhi, Delhi, 110017",135.0,110017.0,28.549093,77.199615,,,
32201,I Care Centre,"C-6/9 , Safdarjung Development Area, Behind Hauz Khas Telephone Exchange, South West Delhi, Delhi, 110016",134.0,110016.0,28.547226,77.198755,011 26963999,,
32202,National Institute of TB and Respiratory Diseases,"Sri Aurobindo Marg, Near Qutub Minar, South West Delhi, Delhi, 110030",134.0,110030.0,28.528977,77.188654,,,
32203,ChikitsaMultispecialty Hospital,"AADI MediTour India, B-4 Saket , Opp. Gyan Bharati School, South Delhi, Delhi, 110017",135.0,110017.0,28.4851694,77.1963652,,,
32204,Devki Devi Foundation,"2 Press Enclave Road, Saket, South Delhi, Delhi, 110017",135.0,110017.0,28.4851694,77.1963652,,,
32205,Saket City Hospital,"Mandir Marg, Press Enclave Road, Saket, South Delhi, Delhi, 110017",135.0,110017.0,28.527444,77.214336,011 71545454,,
32206,Sawan Neelu Angel's Nursing Home,"J-293, Saket, New Delhi, Phone- (011) 43191333, 43191300 ( 30 Lines), South Delhi, Delhi, 110017",135.0,110017.0,28.522001,77.215321,"011 43191333, 011 43191300",,
32207,Sunil Park Hospital,"15/199, Geetanjali MargBlock E, Malviya Nagar, South Delhi, Delhi, 110017",135.0,110017.0,28.535881,77.209089,"011 26680247,011 26680380,011 26681963,011 26684525",,
32208,Tirupati Medical Centre,"C-10 Shivalik, Maharishi Dayanand MargBlock A, Malviya Nagar, South Delhi, Delhi, 110017",135.0,110017.0,28.538416,77.211851,"011 26680759, 011 26680393",,
32209,Vashista Clinics and Hospital for Orthopedic,"B-35, Shivalik, Panchsheel Geetanjali Road, Malviya Nagar, South Delhi, Delhi, 110017",135.0,110017.0,28.536039,77.209089,011 26691177,,
32210,Venu Eye Institute and Research Centre,"1/ 31, Phase II,Sheikh Sarai Institutional Area- II, South Delhi, Delhi, 110017",135.0,110017.0,28.4851694,77.1963652,"011 29251155, 011 29251156,011 29250757,011 29254758",,
32211,The Bone and Joint Clinic,"G-44, Pushkar Enclave, Paschim Vihar (Near E-Zone, Opposite Pink Apartments, About 150 meters from Outer Ring Road.), West Delhi, Delhi, 110063",133.0,110063.0,28.663235,77.094217,"011 25257131,011 25286501",,
32212,Dr. Kapoor Healing Touch Eye Center,"D-8 Vikaspuri, West Delhi, Delhi, 110018",133.0,110018.0,28.6545456,77.0810555,,,
32213,Park Hospital,"Meera Enclave ( Chowkhandi), Near Kashopur Bus Depot Outer Ring Road, West Delhi, Delhi, 110018",133.0,110018.0,28.6545456,77.0810555,"011 28332426, 011 28332427, 011 65956767",,
32214,Ravi Eye Foundation,"B-8 Ganesh Nagar, Main Najafgarh Road, Near Janakpuri East Metro Station, West Delhi, Delhi, 110018",133.0,110018.0,28.634433,77.089283,"011 25998114, 011 43526353,",,
32215,Khandelwal Clinic,"N-15, Ground Floor, Near ICICI Bank, Kalkaji, South Delhi, Delhi, 110019",135.0,110019.0,28.536796,77.258584,011 41601848,,
32216,Dr. Shweta's Dental Clinic,"D – 42, Main Road Kalkaji, South Delhi, Delhi, 110019",135.0,110019.0,28.54175,77.254871,011 26414243,,
32217,Mukherjee Eye Klinik,"40/90, C.R.Park, South Delhi, Delhi, 110019",135.0,110019.0,28.542798,77.24873,"011 26470965,011 26223352, 011 26223352",,
32218,P M Stone Clinic and Ent Centre,"E-2, NR Gol Chakkar,Main Road, Kalkaji, New Delhi, Phone- 09811078973, South Delhi, Delhi, 110019",135.0,110019.0,28.542216,77.253628,,,
32219,Shubham Hospital,"D D-15, Kalkaji, (Opp. Main Post Office), South Delhi, Delhi, 110019",135.0,110019.0,28.543523,77.258698,"011 26439867,011 26437885,011 26419895",,
32220,Aastha Medical Centre,"C-81, Block C, Lajpat Nagar 2, South Delhi, Delhi, 110024",135.0,110024.0,28.572058,77.239829,"011 29818474, 011 29819474",,
32221,Manchanda's Endoscopic Center,"A-32, New Friends Colony, South Delhi, Delhi, 110065",135.0,110065.0,28.4851694,77.1963652,011 26847123,,
32222,Medanta Mediclinic,"E – 18, Defence Colony, South Delhi, Delhi, 110049",135.0,110049.0,28.567162,77.228184,011 44114411,,
32223,Saaol Heart Center,"2/2, Dharam Kiran House, Chhattarpur Road, Near Chhattarpur Metro Station,Chhattarpur, South West Delhi, Delhi, 110074",134.0,110074.0,28.5864481,76.979153,011 65093130,,
32224,"Saaol Heart Center, Lajpat nagar","14/84a, Vikrant Vihar, Lajpat Nagar-IV, South Delhi, Delhi, 110024",135.0,110024.0,28.565073,77.236476,"011 26235168, 011 26283098, 011 26211908, 011 65178530",,
32225,Endolite India Limited,"A-4, Naraina Industrial Area,Phase 1, South West Delhi, Delhi, 110028",134.0,110028.0,28.5864481,76.979153,011 45689999,,
32226,"Saaol Heart Center, Vikas Marg","61, Defence Enclave, Vikas Marg, East Delhi, Delhi, 110092",130.0,110092.0,28.6117432,77.2982794,011 65656537,,
32227,"Saaol Heart Center, Deepali Chowk","A-31 Sarsawati Vihar, Deepali Chowk (Near Rani Bagh Police Station), Pitampura, North West Delhi, Delhi, 110034",127.0,110034.0,28.696908,77.119254,"011 27012024, 011 65158202",,
32228,Fortis Escorts Heart Institute,"Okhla Road, New Friends Colony, South Delhi, Delhi, 110025",135.0,110025.0,28.560048,77.27371,011 47135000,,
32229,M G S Hospital,"Rohtak Road, West Punjabi Bagh, West Delhi, Delhi, 110026",133.0,110026.0,28.673728,77.134677,"011 25226100, 011 25220131",,
32230,Maharaja Agrasen Hospital,"West Punjabi Bagh, West Delhi, Delhi, 110026",133.0,110026.0,28.691684,77.164598,"011 40777555,011 40777666,011 40777777",,
32231,Ahuja Nursing Home,"J 1/161 ,Rajouri Garden, West Delhi, Delhi, 110027",133.0,110027.0,28.6545456,77.0810555,"011 25194746, 011 41440005",,
32232,Batra West End Centre,"A-1/6, Ring Road, Rajouri Garden, West Delhi, Delhi, 110027",133.0,110027.0,28.6545456,77.0810555,011 47778000,,
32233,Insight Eye Clinic,"J-9/5, Rajouri Garden, West Delhi, Delhi, 110027",133.0,110027.0,28.6545456,77.0810555,011 25440850,,
32234,Dr Bhim Rao Ambedkar Hospital,"Bhagawan Mahavir Marg, Sector-6, Rohini, North Delhi, Delhi, 110085",128.0,110085.0,28.714804,77.113636,011 27055585,,
32235,Joy Nursing Home,"J-5/49-F, Rajouri Garden, West Delhi, Delhi, 110027",133.0,110027.0,28.6545456,77.0810555,"011 45637700, 011 45637799",,
32236,Dr A.K. Gulati‎,"A-50, Naraina Vihar, Naraina, South West Delhi, Delhi, 110028",134.0,110028.0,28.625383,77.136242,,,
32237,Delhi Pain Management Centre,"B-2/18 Safdarjung Enclave, South West Delhi, Delhi, 110029",134.0,110029.0,28.564542,77.190047,011 41354555,,
32238,Dr. B R Ambedkar Institute Rotary Cancer Hospital,"Ansari Nagar, South West Delhi, Delhi, 110029",134.0,110029.0,28.566437,77.211413,,,
32239,Dr. Ajay Munjal Eye Clinic.,"B-2/203, Safdarjung Enclave, South West Delhi, Delhi, 110029",134.0,110029.0,28.562537,77.189797,"011 26176134,011 26178483",,
32240,Santhigram Kerala Ayurvedic Hospital,"A-5/5, Paschim Vihar, West Delhi, Delhi, 110063",133.0,110063.0,28.6545456,77.0810555,"011 25261924, 011 25283724",,
32241,Santhigram Kerala Ayurvedic Hospital,"A-1/286, Safdarjung Enclave, South West Delhi, Delhi, 110029",134.0,110029.0,28.5864481,76.979153,"011 26169775, 011 26169776",,
32242,Santhigram Kerala Ayurvedic Hospital,"D-467, Near Shiksha Bharati Public School,Rampal Chowk, Sector-7, Dwarka, South West delhi, Delhi, 110075",134.0,110075.0,28.5864481,76.979153,"011 64545858,011 45797239",,
32243,Shukhmani Hospital,"B-7 Ext./126A, Arjun Nagar, Safdarjung Enclave, South West Delhi, Delhi, 110029",134.0,110029.0,28.559715,77.200415,"011 26194000, 011 26194222, 011 26194333",,
32244,Kairali Ayurvedic Group,"D-120, Andheria Mor, Mehrauli Gurgaon Road, South West Delhi, Delhi, 110074",134.0,110074.0,28.508196,77.178848,,,
32245,Divya Clinic,"1/11820, Panchsheel Garden, Navin Shahdara,Delhi,Phone-(011) 2822405, East Delhi, Delhi, 110032",130.0,110032.0,28.6117432,77.2982794,,,
32246,Kalra Dental Clinic,"C-270 Defence Colony, South Delhi, Delhi, 110024",135.0,110024.0,28.570636,77.23015,011 24336429,,
32247,Bhatia Global Hospital and Endosurhery Institute,"307-308, Ambika Vihar,Opp. Central School,Paschim Vihar, West Delhi, Delhi, 110087",133.0,110087.0,28.665596,77.082364,"011 25270500, 011 25270701, 011 25270702, 011 25256408",,
32248,Save Sight Centre,"A-14, G. T. Karnal Road, Adarsh Nagar,Opp. Adarsh Nagar Metro Station, North West Delhi, Delhi, 110033",127.0,110033.0,28.7379145,77.0100626,011 27681312,,
32249,Delhi Piles Clinic,"Metro Clinic 1184/13 , Lane No-13,Govind Puri, Kalkaji, South Delhi, Delhi, 110019",135.0,110019.0,28.534351,77.261611,,,
32250,Kuber Hospital,"12, Chanderlok Enclave, Pitam pura, North West Delhi, Delhi, 110034",127.0,110034.0,28.695271,77.134676,"011 27353246,011 27352931, 011 27354408",,
32251,Manna Clinic and Maternity Home,"WZ-1367, Rani Bagh, Shakur Basti, North West Delhi, Delhi, 110034",127.0,110034.0,28.685666,77.131641,011 7025259,,
32252,Muni Maya Ram Jain Hospital,"KD Block,Muni Maya Ram Marg, Pitampura, North West Delhi, Delhi, 110034",127.0,110034.0,28.700073,77.141499,,,
32253,Agrawal Nursing Home,"25 28, Tota Ram Bazar, Tri Nagar, ganeshpura, North West Delhi, Delhi, 110035",127.0,110035.0,28.677118,77.16143,"011 27383366, 011 27383377",,
32254,Balaji Nirogdham,"Behind Ashiana Farm House, Main Palla-Bakhtawarpur Road, Bakhtawarpur, North West Delhi, Delhi, 110036",127.0,110036.0,28.80905,77.151033,"011 64532820,011 64532821",,
32255,Aastha Hospital and IVF CentreMultispeciality Hospital,"L-2/50, New Mahavir Nagar, Opp. Kangra Niketan, Outer Ring Road, West Delhi, Delhi, 110018",133.0,110018.0,28.633303,77.080862,"011 25993047, 011 25995363",,
32256,Satyabhama Hospitals Pvt. Ltd.,"126/105, Near Water Tank, Najafgarh Road ,Nangloi Extension, West Delhi, Delhi, 110041",133.0,110041.0,28.678209,77.064265,"011 25942945, 011 25943107, 011 25949727",,
32257,The Diagnosis Nursing Home,"A-1/46, Mahavir Enclave,Palam Dabri Road, South West Delhi, Delhi, 110045",134.0,110045.0,28.598412,77.08136,"011 25036385, 011 25052874",,
32258,Shakuntla Nursing Home and Hospital,"RZ-I-81A, Sagarpur West, (Opp. Delhi Vidyut Board Colony), South West Delhi, Delhi, 110046",134.0,110046.0,28.608157,77.095312,"011 25383171, 011 25390976",,
32259,Dr. Lakhotia's Eye Hospital,"E - 544, Greater Kailash- II, South Delhi, Delhi, 110048",135.0,110048.0,28.535408,77.241967,"011 29228828, 011 29228247",,
32260,Mata Gujjri Medical Centre,"Gurudwara Sri Guru Singh SabhaGreater Kailash - I, South Delhi, Delhi, 110048",135.0,110048.0,28.4851694,77.1963652,011 29233690,,
32261,Sukhda Hospital,"Near R - Block,Shopping Centre,Greater Kailash - 1, South Delhi, Delhi, 110048",135.0,110048.0,28.54701,77.244413,011 43364400,,
32262,Manav Medicare Centre,"E-11, South Extension Part-I, South Delhi, Delhi, 110049",135.0,110049.0,28.570969,77.21877,"011 4615909, 011 4690655, 011 4640017",,
32263,Dr. Gulati's Dental Clinic,"UU-74B, Vishakha Enclave, Pitam Pura, North West Delhi, Delhi, 110034",127.0,110034.0,28.7379145,77.0100626,011 27342530,,
32264,SR Krishna Hospital,"Plot No. 23-24, Jain Park, Main Matiala Road, Opp. Metro Pillar No. 722-723, Near Nawada Metro Station, Uttam Nagar, West Delhi, Delhi, 110059",133.0,110059.0,28.616598,77.047038,"011 25334707, 011 25334708, 011 64118122,",,
32265,Panchsheel Hospital Private Limited,"C-3/63A,64A, Opp. Gokulpuri Police Station,Wazirabad main road, Yamuna Vihar, North East Delhi, Delhi, 110053",129.0,110053.0,28.703654,77.260736,"011 22914817, 011 32907503, 011 22919054, 011 22910943",,
32266,Delhi Institute of Trauma and Orthopaedic,"18,Sham Nath Marg, Civil Lines, North Delhi, Delhi, 110054",128.0,110054.0,28.7872279,77.0980903,"011 23994404, 011 23994410",,
32267,"Sanjeevan Hospital, Darya Ganj","24, Ansari Road, Darya Ganj, Central Delhi, Delhi, 110002",132.0,110002.0,28.641169,77.243378,"011 45770000, 011 23259999",,
32268,Sanjeevan Hospital,"8666, Ara Kashan Road, Pahar Ganj, Central Delhi, Delhi, 110055",132.0,110055.0,28.6990095,77.2314634,"011 23617108, 011 23610615",,
32269,Med First,"D 3/14, Vasant Vihar, South West Delhi, Delhi, 110057",134.0,110057.0,28.575852,77.050638,011 2614 0058,,
32270,"MedFirst, Dwarka","206-207, Vardhman Crown Mall, Sector 19, Dwarka, West Delhi, Delhi, 110078",133.0,110078.0,28.6545456,77.0810555,,,
32271,Amar Leela Hospital Pvt. Ltd.,"B-1/6 Janak Puri, Main Najafgarh Road, West Delhi, Delhi, 110058",133.0,110058.0,28.633649,77.089013,"011 25530838, 011 25537965,011 25537966",,
32272,"Bhagat Hospital ,Janak Puri","D-2/48-49, Janak Puri, West Delhi, Delhi, 110058",133.0,110058.0,28.608628,77.105992,011 45102030,,
32273,Bhagat Chandra Hospital,"RZ-F 1/1, Mahavir Enclave, Palam Dabri Road, Near Dwarka Airport Flyover, South West Delhi, Delhi, 110046",134.0,110046.0,28.593252,77.081249,011 45254525,,
32274,Visitech Eye Centre,"R-13, Greater Kailash Part 1, Hans Raj Gupta Marg, Block R, South Delhi, Delhi, 110048",135.0,110048.0,28.547933,77.238798,"011 41731777, 011 41731888",,
32275,Visitech Eye Centre,"A 10, Block C, South Extension Part II, South Delhi, Delhi, 110049",135.0,110049.0,28.566608,77.220138,"011 26261888, 011 26262888",,
32276,Rotary Eye Care Centre,"56-57, Tughlakabad Institutional Area, M. B. Road, South Delhi, Delhi, 110062",135.0,110062.0,28.4851694,77.1963652,011 29968562011 29968563,,
32277,Jainak Medical and Orthopaedic Centre,"C1/127, Janakpuri, West Delhi, Delhi, 110058",133.0,110058.0,28.6545456,77.0810555,"011 25620005 , 011 25541133",,
32278,Kakkar Health Care Group,"C2A/236A, Block C 2A, Janakpuri, West Delhi, Delhi, 110058",133.0,110058.0,28.621684,77.086102,,,
32279,Kaushik Ortho Maternity Hospital,"Building No. C-2/94, C-1 Road, Janakpuri, West Delhi, Delhi, 110058",133.0,110058.0,28.620123,77.093862,011 25553697,,
32280,Khanna Eye Centre,"E-368, Nirman Vihar, Vikas Marg, East Delhi, Delhi, 110092",130.0,110092.0,28.6117432,77.2982794,"011 22424344, 22424345",,
32281,"Lakhotia Eye Centre and Laser Institute, Greater Kailash","E - 544, Greater Kailash- II, South Delhi, Delhi, 110048",135.0,110048.0,28.537967,77.239905,"011 29228828, 011 29228247",,
32282,Lions Kidney Hospital and Urology Research Institute,"Khizarabad Bhagol, Opp. 'B' Block, New Friends Colony, South Delhi, Delhi, 110065",135.0,110065.0,28.571225,77.274167,,,
32283,Orchid Hospital,"C-3/91-92, Janak Puri, West Delhi, Delhi, 110058",133.0,110058.0,28.614641,77.087349,"011 45654565,011 45654566",,
32284,World Brain Center and Research Institute,"Pankha Road, Opp.Janak Cinema,Near Dabri Crossing, South West Delhi, Delhi, 110045",134.0,110045.0,28.5864481,76.979153,"011 25391266, 011 25393347",,
32285,Aashirwad Nursing Home Heart and Diabetes Center,"A-29/3, Lions Enclave, Marble Chowk , OPP. DDA Park , Vikash Nagar, Uttam Nagar, West Delhi, Delhi, 110059",133.0,110059.0,28.6545456,77.0810555,011 25336545,,
32286,Mahesh Hospital,"Patpar Ganj Society Complex, Near Engineer Estate (Petrol Pump), D-437, West Vinod Nagar, IP Extension, East Delhi, Delhi, 110092",130.0,110092.0,28.626488,77.302356,"011 22471145, 011 22471525",,
32287,Shri Krishna Life Line Hospitals,"H-10, chchatriwala Park, near corporation office, Navin Shahdara, East Delhi, Delhi, 110032",130.0,110032.0,28.6117432,77.2982794,0120 2325777,,
32288,Dr. Abha Majumdar,"Genesis, F-431, New Rajinder Nagar, Central Delhi, Delhi, 110060",132.0,110060.0,28.682324,77.208633,"011 28742454, 011 28745692, 011 45011438",,
32289,Mohan Eye Institute,"11/B,Ganga Ram Hospital Marg, Central Delhi, Delhi, 110060",132.0,110060.0,28.641446,77.189841,"011 25787655, 011 25852048, 011 25781357, 011 25728969, 01145666222",,
32290,"Dr. Nanda's Eye Care Centre, Dwarka","A-200, Sector–8 Dwarka, South West delhi, Delhi, 110075",134.0,110075.0,28.572036,77.070845,011 25360909,,
32291,"Dr. Nanda's Eye Care Centre, Najafgarh","House No.-52, Shiv Puri, Part 2Main Goela Dairy Road, Village Deendarpur Najafgarh, South West Delhi, Delhi, 110043",134.0,110043.0,28.5864481,76.979153,,,
32292,Dr. Nanda's Eye Care Centre,"Parag Eye Tech Centre11/1 Yusuf Sarai Market Aurbindo Marg, South West Delhi, Delhi, 110016",134.0,110016.0,28.5864481,76.979153,,,
32293,Sunder Lal Memorial Hospital,"C-201,Jawahar Park, Deoli Road, Khanpur, South Delhi, Delhi, 110062",135.0,110062.0,28.506293,77.231685,"011 29915642, 011 65028479",,
32294,Chetna Neuropsychiatry Centre,"B-2 Block, House No. -248, Paschim Vihar, West Delhi, Delhi, 110063",133.0,110063.0,28.666778,77.105181,,,
32295,Chinmaya Vision,"28, Bhera Enclave, Outer Ring RoadPaschim Vihar, West Delhi, Delhi, 110087",133.0,110087.0,28.670086,77.092538,"011 25282864,011 25274842",,
32296,Deep Chand Dialysis and Kidney Clinic,"B-16 New Multan Nagar, North West Delhi, Delhi, 110056",127.0,110056.0,28.678267,77.107264,011 45581006,,
32297,"Centre for Chest Diseases, Allergy and Sleep Disorders","B-3/17 Paschim Vihar, West Delhi, Delhi, 110063",133.0,110063.0,28.66788,77.099326,"011 42345170,011 65464751",,
32298,Gupta Ultrasoundand Heart Care Centre,"A-4/22 Paschim Vihar, West Delhi, Delhi, 110063",133.0,110063.0,28.6545456,77.0810555,"011 45452222, 011 25272121,011 25277171",,
32299,Madaan Dental Care Centre,"K-35 B, Lajpat Nagar - II, South Delhi, Delhi, 110024",135.0,110024.0,28.567894,77.243507,"011 29835771, 011 46579698",,
32300,Sehgal Dental Clinic,"JG III, 253-B, 1st Floor,VikasPuri, Opp. H-3 Block Lal Market, West Delhi, Delhi, 110018",133.0,110018.0,28.645564,77.07952,,,
32301,Amit Nursing Home and Surgical Center,"A-3 Manak Vihar Ext.Opp Block 2 Subhash Nagar, Near Pacific Mall ,Tihar, West Delhi, Delhi, 110018",133.0,110018.0,28.634419,77.10849,011 28122149011 28126894,,
32302,Paras Spring Meadows Hospital,"F - 44, East of Kailash, South Delhi, Delhi, 110065",135.0,110065.0,28.4851694,77.1963652,(011) 40411111,,
32303,"Sunrise Clinic, Greater Kailash","R-27, Greater Kailash-1, South Delhi, Delhi, 110048",135.0,110048.0,28.4851694,77.1963652,"011 4656548, 011 4656584",,
32304,"Sunrise Healthcare, Kalindi Colony","F-1, Kalindi Colony, South Delhi, Delhi, 110065",135.0,110065.0,28.576993,77.265952,011 48820000,,
32305,Fortis C-DOC,"B-16, Chirag Enclave, Opposite Nehru Place, South Delhi, Delhi, 110048",135.0,110048.0,28.546511,77.24836,011 49101222,,
32306,Fortis Hospital,"A Block, Shalimar Bagh, North West Delhi, Delhi, 110088",127.0,110088.0,28.709146,77.171218,01145302222 011 45302200,,
32307,"Centre For Sight, Dwarka","Sector 12A/20, Opp. Bal Bharti Public School, Dwarka, South West delhi, Delhi, 110075",134.0,110075.0,28.596166,77.04053,"011 41524500, 011 41524501,011 41524505",,
32308,Lamba Hospitaland Nursing Home,"B-1/453, Janakpuri, Near DESU Office B-Block, West Delhi, Delhi, 110058",133.0,110058.0,28.637275,77.103075,"011 65458020, 011 25524849",,
32309,Lamba Clinic,"27/7, Ashok Nagar, Behind P.S. Tilak Nagar, West Delhi, Delhi, 110018",133.0,110018.0,28.6545456,77.0810555,011 25132121,,
32310,Lifeline Hospital,"42, Sector-12B, Dwarka, South West delhi, Delhi, 110075",134.0,110075.0,28.59447,77.042173,"011 28031100, 011 28034400, 011 47324100",,
32311,Dr. A.K. Gupta,"C 1/15, Rana Pratap Bagh, North Delhi, Delhi, 110007",128.0,110007.0,28.7872279,77.0980903,,,
32312,Rescue Hospital India Pvt. Ltd,"S-5, Vishwas Park, BehindSector-3, Petrol Pump, Near DPS School, Dwarka, West Delhi, Delhi, 110059",133.0,110059.0,28.605785,77.05323,"011 25333311, 011 25335555",,
32313,Anand’s Ent Hospital,"Vikas Chamber, D-Block, Central Market, Prashant Vihar, Outer Ring Road, North West Delhi, Delhi, 110085",127.0,110085.0,28.712147,77.137844,"011 27562300, 011 27568400",,
32314,Jaipur Golden Hospital,"2, Institutional Area, Sector-III, Rohini, North Delhi, Delhi, 110085",128.0,110085.0,28.697806,77.110137,"011 27907000,011 27907020",,
32315,Ishan Hospital,"Plot No.1, Pocket 8B, Sector - 19, Rohini, North Delhi, Delhi, 110085",128.0,110085.0,28.733483,77.139729,"011 27892798 , 011 27892799",,
32316,Balaji Multispeciality Dental Centre,"Shop No. 47, B-2 Market, Opposite Main GurudwaraPaschim Vihar, West Delhi, Delhi, 110063",133.0,110063.0,28.669121,77.1058,"011 25273744, 011 25276830",,
32317,Dr. Kalyan Banerjee's Clinic,"I - 1691, Chittaranjan Park, New Delhi, Phone- (011) 26274726, 26276699, South Delhi, Delhi, 110019",135.0,110019.0,28.537759,77.248065,"011 26274726, 011 26276699",,
32318,Karuna Hospital,"D-62, Dilshad Colony,Dilshad Garden, New Delhi, Phone-, North East Delhi, Delhi, 110095",129.0,110095.0,28.689084,77.323159,011 66443051,,
32319,Delhi Psychiatry Centre,"35, Defence Enclave, Vikas Marg, East Delhi, Delhi, 110092",130.0,110092.0,28.639822,77.29395,"011 2214726,011 2214727, 011 2459714,011 2459716",,
32320,Krishna Shalby Hospital,"Sai Niketan, 5, Jasola Vihar, B/h Apollo Hospital, South Delhi, Delhi, 110020",135.0,110020.0,28.4851694,77.1963652,"022 26844504,",,
32321,"Centre for Sight, Preet vihar","F – 19, PNB Building, Main Vikas Marg, Preet Vihar, East Delhi, Delhi, 110092",130.0,110092.0,28.639879,77.29242,"011 43097930,011 43097931, 011 43097934",,
32322,Krishna Shalby Hospital,"Sai Niketan, 5, Jasola Vihar, B/h Apollo Hospital,, South East Delhi, Delhi, 110025",135.0,110025.0,28.540127,77.282254,022 26844504,,
32323,"Centre for Sight, Rohini","304 – 309, Ring Road Mall, Sector – 3, Rohini, North West Delhi, Delhi, 110085",127.0,110085.0,28.698427,77.115496,"011 43089700,011 43089701,011 43089702,011 43089703",,
32324,Mahindru Hospital,"E-1, Kiran Garden, Main Najafgarh Road, Opp. Metro Pillar No.712, Uttam Nagar, West Delhi, Delhi, 110059",133.0,110059.0,28.617681,77.045572,"011 25333500, 011 25343500",,
32325,Jeevan Anmol Hospital,"Mayur Vihar Phase-1, Near Metro Station,, New Delhi, Delhi, 110091",131.0,110091.0,28.600624,77.293711,"011 22750380, 011 22795237",,
32326,RVS Eye Center,"DDA Market,BH-30 and 32 (West),Monday Market Road, Shalimar Bagh, North West Delhi, Delhi, 110088",127.0,110088.0,28.728208,77.160423,011 27478745,,
32327,Maheshwari Hospital,"F-1U-41, Pitampura, North West Delhi, Delhi, 110088",127.0,110088.0,28.712331,77.141956,"011 27341460, 011 27341353",,
32328,Maharashi Ayurveda Hospital,"BP - Block, Shalimar Bagh, West Delhi, Delhi, 110088",133.0,110088.0,28.725224,77.155444,"011 27479501, 011 27479502, 011 27479503",,
32329,Shreya Eye Centre,"D-163, Surajmal Vihar, EAST Delhi, Delhi, 110092",130.0,110092.0,28.660598,77.307669,"011 22161975, 011 4277010",,
32330,Saroj Hospital and Heart Institute,"Near Madhuban Chowk,Sec-14 (Extn.), Rohini, North West Delhi, Delhi, 110085",127.0,110085.0,28.706393,77.129058,011 27903333,,
32331,Rana Eye Centre,"C-8/28, SEC-7, Opp. Metro Pillar No. 394-395, Sai Baba Chowk, Rohini, North West Delhi, Delhi, 110085",127.0,110085.0,28.708854,77.124011,011 45100652,,
32332,Rana Eye Clinic,"5140 A/3, Krishan Nagar, Behind Khalsa College, Karol Bagh, Central Delhi, Delhi, 110005",132.0,110005.0,28.708844,77.124,,,
32333,Rajiv Gandhi Cancer Institute and Research Centre,"Sector - V, Rohini, North West Delhi, Delhi, 110085",127.0,110085.0,28.714683,77.115177,"011 27051011,011 27051030, 011 47022222",,
32334,"Sama Hospital, Siri Fort","8 , Siri Fort Road, New Delhi, Delhi, 110049",131.0,110049.0,28.553414,77.221138,011 43111888,,
32335,"Eye-Q Super Specialty Eye Hospital, Shalimar Bagh","Basement and 1st floor, NS-3 AD Block, East of Shalimar Bagh, North West Delhi, Delhi, 110088",127.0,110088.0,28.644849,77.18901,011 47292900,,
32336,"Eye-Q Super Specialty Eye Hospital, South Extension Part-2","P-13, South Extension Part- 2,, New Delhi, Delhi, 110049",131.0,110049.0,28.6419258,77.2217499,011 26257803,,
32337,Talwar Medical Centre,"M-139 Greater Kailash II, New Delhi, Delhi, 110048",131.0,110048.0,28.536498,77.244085,"011 29216441, 011 29216442, 011 29216443,011 43794200",,
32338,Dr. Bansal Stone,"A-1, New Friend’s Colony, East Delhi, Delhi, 110065",130.0,110065.0,28.564568,77.2717,,,
32339,Jeewan Hospital and Nursing Home,"Jeewan Nagar, Near Ashram, New Delhi, Delhi, 110014",131.0,110014.0,28.578651,77.259367,"011 26343271, 011 26349821",,
32340,"Dr. Om Parkash Goel Medicare, Pitampura","168, Deepali Enclave ,Near Deepali Chowk, Pitampura, North West Delhi, Delhi, 110034",127.0,110034.0,28.7379145,77.0100626,,,
32341,"R P Stone Clinic Pvt. Ltd. , Delhi","Basement N-236, GK-1, New Delhi, Delhi, 110048",131.0,110048.0,28.6419258,77.2217499,,,
32342,"Centre For Sight, Okhla","Fortis Escorts Heart Institute and Research Centre, Okhla Road, East Delhi, Delhi, 110025",130.0,110025.0,28.564363,77.287782,"011 41059300,011 41059301,011 41059302",,
32343,"Centre For Sight, Pusa Road","BLK Super Speciality Hospital, Pusa Road, Karol Bagh,, Central Delhi, Delhi, 110005",132.0,110005.0,28.643643,77.180023,011 30653077,,
32344,"Centre For Sight, Ashok Vihar","B2/6, Ashok Vihar, Phase 2,, North West Delhi, Delhi, 110052",127.0,110052.0,28.692653,77.177448,"011 43728774,011 43728775, 011 47728789",,
32345,"Centre For Sight, Rajouri Garden","J-12/30, Rajouri Garden, New Delhi, Delhi, 110027",131.0,110027.0,28.641451,77.120766,"011 47401363, 011 47401364",,
32346,Dr. Atul Kumar Garg,"A-39-40, North - Ex Mall , Sec -9 , Rohini, North West Delhi, Delhi, 110085",127.0,110085.0,28.714751,77.129298,011 27556765,,
32347,Malik Radix Hospital,"C-218, Nirman Vihar, New Delhi, Delhi, 110092",131.0,110092.0,28.635643,77.288153,"011 22011192, 011 22011196, 011 22011208",,
32348,Malik Radix Clinic,"C-217, Nirman Vihar, New Delhi, Delhi, 110092",131.0,110092.0,28.635643,77.288153,"011 22520249, 011 22508272, 011 22025531",,
32349,M P Heart Institute,"Dr. Umesh Gupta, W-33, Greater Kailash-1, New Delhi, Delhi, 110048",131.0,110048.0,28.548403,77.238008,011 29234830,,
32350,Parmarth Mission Nursing Home,"23/7, Shakti Nagar, North Delhi, Delhi, 110007",128.0,110007.0,28.681117,77.197876,"011 23842319, 011 23843798",,
32351,Fortis Flt. Lt. Rajan Dhall Hospital,"Sector B, Pocket 1, Aruna Asaf Ali Marg, Vasant Kunj, South West Delhi, Delhi, 110070",134.0,110070.0,28.51986,77.160388,011 42776222,,
32352,Maulana Azad Medical College,"Maulana Azad Medical College Bahadurshah Zafar Marg, New Delhi, Delhi, 110002",131.0,110002.0,28.637217,77.236641,"011 22582106, 011 22592971, 011 22592371",,
32353,Aakash Hospital,"90/43, Malviya Nagar, New Delhi, New Delhi, Delhi, 110017",131.0,110017.0,28.535375,77.214826,011 40501000,,
32354,Aashlok NursingHome,"25-A, Block-AB, Community Centre,Safdarjung Enclave, New Delhi, Delhi, 110029",131.0,110029.0,28.6419258,77.2217499,"011 26165901,011 26165907/ 011 26165861,011 26165862",,
32355,"Adiva Hospital, Green park","C 1/C, Green Park Extension, New Delhi, Delhi, 110016",131.0,110016.0,28.558786,77.206388,011 46672700,,
32356,"Adiva Hospital, Uday Park","34, Uday Park, August Kranti Marg, New Delhi, Delhi, 110049",131.0,110049.0,28.560094,77.219938,011 45682800,,
32357,"Adiva Hospitals, Anand Lok","15, Anand Lok, August Kranti Marg, New Delhi, Delhi, 110049",131.0,110049.0,28.559418,77.206518,"011 45672700, 011 45672777",,
32358,Aster Eye Care,"32, Ring Road, Lajpat Nagar IV, New Delhi, Delhi, 110024",131.0,110024.0,28.569411,77.248431,"011 30853337,011 30853339,011 46577737",,
32359,Attar Sain Jain Hospital,"Lawrence Road Industrial Area, New Delhi, Delhi, 110035",131.0,110035.0,28.681914,77.149743,"011 27188342, 011 23654664",,
32360,Ayurvedic and Unani Tibbia College and Hospital,"Ajmal Khan Park, Karol Bagh, Central Delhi, Delhi, 110005",132.0,110005.0,28.656326,77.194873,"011 23524180, 011 23676499",,
32361,Batra Hospital and Medical Research Centre,"1, Tughlakabad Institutional Area, Mehrauli Badarpur Road, South Delhi, Delhi, 110062",135.0,110062.0,28.513748,77.245797,"011 29958747, 011 29957629, 011 29957485, 011 29957487",,
32362,Chaudhary Brahm Prakash Ayurved Charak Sansthan,"Village Khera Dabar, Najafgarh, South West Delhi, Delhi, 110073",134.0,110073.0,28.572608,76.93352,011 23236259,,
32363,Chawala Hospital,"53 Harsh Vihar, Pitam Pura, New Delhi, Delhi, 110034",131.0,110034.0,28.712239,77.107149,"011 27014343, 011 5072323",,
32364,Dr.Bansal Stone Hospital,"A-1, New Friend’s Colony,, New Delhi, Delhi, 110065",131.0,110065.0,28.564559,77.271625,011 46583333,,
32365,Indraprastha Apollo Hospitals,"Sarita Vihar, Delhi Mathura Road, New Delhi, Delhi, 110076",131.0,110076.0,28.541628,77.283443,"011 26925858 , 011 26925801",,
32366,Jeewan Mala Hospital,"67/1, New Rohtak Road, Karol Bagh, New Delhi, Delhi, 110005",131.0,110005.0,28.659341,77.190621,"011 23511474,011 23511477, 011 47774141",,
32367,"Metro Hospital And Cancer Institute, Preet Vihar","21, Community Centre, Preet Vihar, New Delhi, Delhi, 110092",131.0,110092.0,28.602227,77.338375,"011 22019857, 011 22520480",,
32368,Moolchand Hospital,"Lajpat Nagar III, Delhi, New Delhi, Delhi, 110024",131.0,110024.0,28.565906,77.234565,"011 42000000,011 42000102",,
32369,Naraina Medical Centre,"Near Indraprastha Apollo Hospital, Naraina Vihar, C Block, New Delhi, Delhi, 110001",131.0,110001.0,28.708801,77.046351,"011 25776481, 011 25778481",,
32370,Ortho Nova hospital,"C-5/29, Opp. Main IIT Gate, Safdarjung Development Area, New Delhi, Delhi, 110016",131.0,110016.0,28.546466,77.197205,011 42012345,,
32371,Phoenix Hospital,"E-60, Greater Kailash-I, South Delhi, Delhi, 110048",135.0,110048.0,28.550416,77.244232,"011 46863800, 011 29230545, 011 29239341, 011 29242103",,
32372,Primus Super Speciality Hospital,"Chandragt Marg, Chanakyapuri, New Delhi, Delhi, 110021",131.0,110021.0,28.593147,77.181263,"011 66206630, 011 66206640",,
32373,Safdarjung Hospital,"In Front of AIIMS, Ring Road, New Delhi, Delhi, 110029",131.0,110029.0,28.568155,77.205754,"011 26165060, 011 26165032, 011 26198126,",,
32374,Sushrut Trauma Centre,"Ring Road, Behind I.P. College, Near Civil Lines Metro Station, Metcalf Road, Civil Line, New Delhi, Delhi, 110054",131.0,110054.0,28.684368,77.228089,"011 23906021, 011 23906000, 011 23906001, 011 23988122",,
32375,Shakuntala Private,"RZ-I-81A, Sagarpur West, (Opposite Delhi Vidyut Board Colony), West Delhi, Delhi, 110046",133.0,110046.0,28.608424,77.095462,"011 25383171, 011 25390976",,
32376,Sama Hospital,"8 - Siri fort road, New Delhi, Delhi, 110049",131.0,110049.0,28.553395,77.221106,011 43111888,,
32377,"RG Stone Urology and Laparoscopy Hospital, South Delhi","F-12, East of Kailash, New Delhi, Delhi, 110065",131.0,110065.0,28.55421,77.244262,011 40721000,,
32378,"RG Stone Urology and Laparoscopy Hospital, Pitampura","194-195, Deepali Chowk, Pitampura, North West Delhi, Delhi, 110085",127.0,110085.0,28.704347,77.115601,"011 47571000, 011 475712701,011 4757 1528,011 47572353,011 47573204",,
32379,"RG Stone Urology and Laparoscopy Hospital, Rajouri Garden","B-1, Vishal Enclave, Opp. Police Station, Rajouri Garden, New Delhi, Delhi, 110027",131.0,110027.0,28.656215,77.119052,011 43298000,,
32380,"RG Stone Urology and Laparoscopy Hospital, Gagan Vihar","18, Gagan Vihar Main, New Delhi, Delhi, 110092",131.0,110092.0,28.646127,77.296637,011 71011000,,
32381,Indian Institute Of Yoga and Naturopathy,"Des Raj Campus, C-Block, East of Kailash, New Delhi, Delhi, 110065",131.0,110065.0,28.558767,77.250899,"011 26913567, 011 26919793",,
