hospital_id,hospital_name,address,district_id,pincode,latitude,longitude,mco_contact_number,total_beds,hospital_type
10479,Ayurvedic Hospital,"Rampur, Shimla, Himachal Pradesh, 0",69.0,0.0,31.4492451,77.6298122,0,,
10480,Ayurvedic Hospital,"Rohru, Shimla, Himachal Pradesh, 0",69.0,0.0,31.2045526,77.7523608,0,,
10481,Civil Hospital,"Rohru, Shimla, Himachal Pradesh, 0",69.0,0.0,31.1048145,77.1734033,0,,
10482,Civil Hospital,"Chopal, Shimla, Himachal Pradesh, 0",69.0,0.0,30.9478979,77.5901243,0,,
10483,Civil Hospital,"Jubbal, Shimla, Himachal Pradesh, 0",69.0,0.0,31.1116916,77.6664976,0,,
10484,Civil Hospital,"Junga, Shimla, Himachal Pradesh, 0",69.0,0.0,31.0240057,77.1916497,0,,
10485,Civil Hospital,"Kotgarh, Shimla, Himachal Pradesh, 172031",69.0,172031.0,31.3113704,77.4744889,0,,
10486,Civil Hospital,"Nerwa, Shimla, Himachal Pradesh, 0",69.0,0.0,30.9190232,77.6424486,0,,
10487,Civil Hospital,"Theog, Shimla, Himachal Pradesh, 0",69.0,0.0,31.1260995,77.3524522,0,,
10488,Community Health Centre,"Nankhri, Shimla, Himachal Pradesh, 0",69.0,0.0,31.1048145,77.1734033,0,,
10489,Community Health Centre,"Chirgaon, Shimla, Himachal Pradesh, 0",69.0,0.0,31.2373257,77.8738864,0,,
10490,Community Health Centre,"Kumarsain, Shimla, Himachal Pradesh, 0",69.0,0.0,31.3182709,77.4458151,0,,
10491,Community Health Centre,"Suni, Shimla, Himachal Pradesh, 0",69.0,0.0,31.2422245,77.1221405,0,,
10492,Community Health Centre,"Kotkhai, Shimla, Himachal Pradesh, 0",69.0,0.0,31.1048145,77.1734033,0,,
10493,DDU Hospital,,69.0,0.0,31.1048145,77.1734033,0,,
10494,GovernmentDental Collage,,69.0,0.0,31.1048145,77.1734033,0,,
10495,Indira Gandhi Medical Collage,,69.0,0.0,31.1048145,77.1734033,0,,
10496,Indus Hospital,"Nav Bahar, Shimla, Himachal Pradesh, 0",69.0,0.0,31.1048145,77.1734033,0,,
10497,JNS Eye Care Centre,"Neelkunj, North Oak Sanjauli, Shimla, Himachal Pradesh, 0",69.0,0.0,31.1050849,77.1923685,0,,
10498,KNH Shimla,,69.0,0.0,31.0927056,77.1773458,0,,
10499,MGMSCKHNERI,"Khneri, Rampur, Shimla, Himachal Pradesh, 0",69.0,0.0,31.4492451,77.6298122,0,,
10500,Primary Health Centre,"Mashobra, Shimla, Himachal Pradesh, 0",69.0,0.0,31.1296226,77.2283453,0,,
10521,"Referral Hospital, Chowari","Chowari, Chamba, Himachal Pradesh, 176302",59.0,176302.0,32.4311794,76.0130784,0,,
10522,C H C Holi,"Holi, Chamba, Himachal Pradesh, 176309",59.0,176309.0,32.3365641,76.5442693,0,,
10523,Government Hospital,,59.0,176310.0,32.5533633,76.1258083,0,,
10524,Navjeevan Hospital,"Mohalla Sapari, Chamba, Himachal Pradesh, 176310",59.0,176310.0,32.6923316,76.1631552,0,,
10525,"Regional Hospital, Chamba",,59.0,176310.0,32.5533633,76.1258083,0,,
10526,Sukhmani Hospital,"Near Bus Stand, Chamba, Himachal Pradesh, 176310",59.0,176310.0,32.6923316,76.1631552,0,,
10527,C H C Choori,"Choori, Chamba, Himachal Pradesh, 176311",59.0,176311.0,32.4788271,76.2908918,0,,
10528,"P H C, Kakira","Kakira, Chamba, Himachal Pradesh, 176313",59.0,176313.0,32.4557583,75.9344155,0,,
10529,Swami Shri Hari Giri Hospital,"Kakira Kamlari, Chamba, Himachal Pradesh, 176313",59.0,176313.0,32.6923316,76.1631552,0,,
10530,C H C Sahoo,"Sahoo, Chamba, Himachal Pradesh, 176314",59.0,176314.0,32.6923316,76.1631552,0,,
10531,"Ayurvedic Hospital, Bharmour","Bharmour, Chamba, Himachal Pradesh, 176315",59.0,176315.0,32.442849,76.5329269,0,,
10532,C H C Bharmour,"Bhamour, Chamba, Himachal Pradesh, 176315",59.0,176315.0,32.4411286,76.5357732,0,,
10533,C H C Saluni,"Saluni, Chamba, Himachal Pradesh, 176320",59.0,176320.0,32.7299555,76.0342881,0,,
10534,C H C Killar,"Killar, Chamba, Himachal Pradesh, 176323",59.0,176323.0,33.0852673,76.3989821,0,,
10535,"P H C, Purthi","Purthi, Chamba, Himachal Pradesh, 176323",59.0,176323.0,32.9151619,76.4664307,0,,
10536,Ayurvedic Hospital,"Bharmour, Chamba, Himachal Pradesh, 176315",59.0,176315.0,32.442849,76.5329269,0,,
10537,Civil Hospital,"Subhash Chowk Rd, Moti Tiba, Chamba, Himachal Pradesh, 176305",59.0,176305.0,32.5352395,75.9671164,0,,
10538,Civil Hospital,"Tissa, Chamba, Himachal Pradesh, 176316",59.0,176316.0,32.5447632,75.943557,0,,
10539,Community Health Centre,"BHARMOUR, Chamba, Himachal Pradesh, 0",59.0,0.0,32.442849,76.5329269,0,,
10540,Community Health Centre,"CHOORI, Chamba, Himachal Pradesh, 0",59.0,0.0,32.6923316,76.1631552,0,,
10541,Community Health Centre,"HOLI, Chamba, Himachal Pradesh, 176309",59.0,176309.0,32.3307407,76.5502682,0,,
10542,Community Health Centre,"Kihar, Chamba, Himachal Pradesh, 0",59.0,0.0,32.4871571,75.9408807,0,,
10543,Community Health Centre,"Killar, Chamba, Himachal Pradesh, 0",59.0,0.0,33.0840737,76.4071336,0,,
10544,Community Health Centre,"Purthi, Chamba, Himachal Pradesh, 0",59.0,0.0,32.9151619,76.4664307,0,,
10545,Community Health Centre,"Sahoo, Chamba, Himachal Pradesh, 0",59.0,0.0,32.6923316,76.1631552,0,,
10546,Community Health Centre,"Saluni, Chamba, Himachal Pradesh, 0",59.0,0.0,32.7363886,76.0290366,0,,
10547,District Ayurvedic Hospital,,59.0,176312.0,32.5681863,76.1208512,0,,
10548,Primary Health Centre,"Kakira, Chamba, Himachal Pradesh, 0",59.0,0.0,32.4559116,75.9343484,0,,
10549,Primary Health Centre,"Purthi, Chamba, Himachal Pradesh, 0",59.0,0.0,32.9151619,76.4664307,0,,
10550,Referral Hospital,"CHOWARI, Chamba, Himachal Pradesh, 0",59.0,0.0,32.4311794,76.0130784,0,,
10552,Regional Hospital,,59.0,0.0,32.5533633,76.1258083,0,,
10575,Bimal Nursing Home,"V. & P.O Khaira,Teh Palampur, Kangra, Himachal Pradesh, 176001",60.0,176001.0,32.1108599,76.5362526,0,,
10576,Civil Hospital,"Baijnath, Kangra, Himachal Pradesh, 176001",60.0,176001.0,32.0521085,76.6492869,0,,
10577,Dr.Rpmc Hospital,"Tanda, Kangra, Himachal Pradesh, 176001",60.0,176001.0,32.1002864,76.3005502,0,,
10578,Maple Leaf Hospital,"Registered Under Registration Of Societies Act Xxi Of 1860 Registration No : 469, Kangra, Himachal Pradesh, 176001",60.0,176001.0,32.0998031,76.2691006,0,,
10579,Rama Hospital Nursing and Maternity Home,"11,12-Jai Market Poo, Bat Show Roo,\M, Kangra, Himachal Pradesh, 176001",60.0,176001.0,32.0998031,76.2691006,0,,
10580,S M Eye Hospital,,60.0,176001.0,32.1075096,76.2744999,0,,
10581,Shri Balaji Hospital,"Near New Bus Stand,Opp Petrol Pump,Dharamshala Road, Kangra, Himachal Pradesh, 176001",60.0,176001.0,32.0998031,76.2691006,0,,
10582,C H C Jawalamukhi,"Jawalamukhi, Kangra, Himachal Pradesh, 176031",60.0,176031.0,31.8760295,76.3102478,0,,
10583,Chc,"Daulatpur, Kangra, Himachal Pradesh, 176038",60.0,176038.0,32.0538796,76.2580499,0,,
10584,C.H.C.,"Nagrota Bagwan, Kangra, Himachal Pradesh, 176047",60.0,176047.0,32.1053971,76.3789037,0,,
10585,Panchsheel Nursing Home Pvt Ltd,"Near Railway Station, Nagrota Bagwan, Kangra, Himachal Pradesh, 176047",60.0,176047.0,32.1083638,76.388643,0,,
10586,Sood Nursing Home,"Chahri, Nagrota Bagwan, Kangra, Himachal Pradesh, 176047",60.0,176047.0,32.1170372,76.3963289,0,,
10587,Community Health Center,"Fatehpur, Kangra, Himachal Pradesh, 176053",60.0,176053.0,32.1955777,76.3564929,0,,
10588,Civil Hospital,"Palampur, Kangra, Himachal Pradesh, 176061",60.0,176061.0,32.1077955,76.5348237,0,,
10589,Civil Hospital,"Palampur, Medical Department, Kangra, Himachal Pradesh, 176061",60.0,176061.0,32.1108599,76.5362526,0,,
10590,Dr. Karan Hospital,"Village Ghuggar Tanda, Palampur, Kangra, Himachal Pradesh, 176061",60.0,176061.0,32.0995118,76.5230461,0,,
10591,Sushma Hospital And Women Care Centre,"Lohna Colony, Near K.L.B. College, Palampur, Kangra, Himachal Pradesh, 176061",60.0,176061.0,32.1108599,76.5362526,0,,
10592,Vivekanand Medical Institute (A Unit Of Vmrt,"Holta Near H.P Agricultural ,University ,Palampur, Kangra, Himachal Pradesh, 176061",60.0,176061.0,32.0768665,76.2985872,0,,
10593,Dattals Thakur Bhawani Singh Memorial Hospital,"Thakurdwara Chowk, Palampur, Kangra, Himachal Pradesh, 176062",60.0,176062.0,32.1108599,76.5362526,0,,
10594,C H C Bhawarna,"Bhawarna, Kangra, Himachal Pradesh, 176083",60.0,176083.0,32.0378117,76.5132979,0,,
10595,C H C Chadhiar,"Chadhiar, Kangra, Himachal Pradesh, 176088",60.0,176088.0,31.9367308,76.6472232,0,,
10596,Civil Hospital,"Thural, Kangra, Himachal Pradesh, 176107",60.0,176107.0,31.9244395,76.4584777,0,,
10597,Janani Hospital,"Jhiklibeth, Baijnath, Kangra, Himachal Pradesh, 176125",60.0,176125.0,32.0521085,76.6492869,0,,
10598,Shesh Awashti Memorial Dtil Hospital,"Baijnath, Kangra, Himachal Pradesh, 176125",60.0,176125.0,32.0521085,76.6492869,0,,
10599,"Saxena Hospital, Jassur","Jassur, Kangra, Himachal Pradesh, 176201",60.0,176201.0,32.281673,75.8512167,0,,
10600,Civil Hospital,"Nurpur, Kangra, Himachal Pradesh, 176202",60.0,176202.0,32.0998031,76.2691006,0,,
10601,C H C Shahpur,"Shahpur, Kangra, Himachal Pradesh, 176206",60.0,176206.0,32.2159781,76.1741245,0,,
10602,District Ayurvedic Hospital,"Dharamshala, Kangra, Himachal Pradesh, 176215",60.0,176215.0,32.219042,76.3234037,0,,
10603,Sai Mahima Hospital - Dharamshala,"Ram Nagar, Kangra, Himachal Pradesh, 176215",60.0,176215.0,32.217137,76.3246517,0,,
10604,"Zonal Hospital, Dharamshala","Dharamshala, Kangra, Himachal Pradesh, 176215",60.0,176215.0,32.219042,76.3234037,0,,
10605,Civil Hospital,"Indora, Kangra, Himachal Pradesh, 176401",60.0,176401.0,32.1346319,75.6891699,0,,
10606,"Ayurvedic Hospital, Dehrra","Dehra, Kangra, Himachal Pradesh, 177101",60.0,177101.0,32.0998031,76.2691006,0,,
10607,Civil Hospital,"Dehra, Kangra, Himachal Pradesh, 177101",60.0,177101.0,32.0998031,76.2691006,0,,
10608,C H C Dadasiba,"Dadasiba, Kangra, Himachal Pradesh, 177106",60.0,177106.0,31.9027974,76.1112416,0,,
10609,Dr.Rajendra Prasad Government  Medical College,"Kangra Chamunda, Bye Pass,\nNH - 20, Kangra, Himachal Pradesh, 176001",60.0,176001.0,32.0998031,76.2691006,0,,
10610,Fortis Hospital,"Kangra Dharamshala Road\n, Kangra, Himachal Pradesh, 0",60.0,0.0,32.1795436,76.3228661,0,,
10611,Dr.K.D.'s Eye Hospital,"Near Petrol Pump, Dharamshala Road, Kangra, Himachal Pradesh, 0",60.0,0.0,32.0768665,76.2985872,0,,
10612,Ayurvedic College Hospital,"Paprola, Kangra, Himachal Pradesh, 0",60.0,0.0,32.0528329,76.6340511,0,,
10613,Ayurvedic Hospital,"DEHRA, Kangra, Himachal Pradesh, 0",60.0,0.0,32.0998031,76.2691006,0,,
10614,Ayurvedic Hospital,"Harsar, Kangra, Himachal Pradesh, 0",60.0,0.0,32.0998031,76.2691006,0,,
10615,Civil Hospital,"THURAL, Kangra, Himachal Pradesh, 0",60.0,0.0,31.9244395,76.4584777,0,,
10616,Civil Hospital,,60.0,0.0,32.0998031,76.2691006,0,,
10617,Civil Hospital,"Baijnath, Kangra, Himachal Pradesh, 0",60.0,0.0,32.0521085,76.6492869,0,,
10618,Civil Hospital,"Dehra, Kangra, Himachal Pradesh, 0",60.0,0.0,32.0998031,76.2691006,0,,
10619,Civil Hospital,"Nurpur, Kangra, Himachal Pradesh, 0",60.0,0.0,32.3001342,75.8853465,0,,
10620,Civil Hospital,"Palampur, Kangra, Himachal Pradesh, 0",60.0,0.0,32.1077955,76.5348237,0,,
10621,Community Health Centre,"Bhawarna, Kangra, Himachal Pradesh, 0",60.0,0.0,32.0397936,76.4996831,0,,
10622,Community Health Centre,"Dada Siba, Kangra, Himachal Pradesh, 0",60.0,0.0,32.0998031,76.2691006,0,,
10623,Community Health Centre,"Fatehpur, Kangra, Himachal Pradesh, 0",60.0,0.0,32.1955777,76.3564929,0,,
10624,Community Health Centre,"Indora, Kangra, Himachal Pradesh, 0",60.0,0.0,32.1346319,75.6891699,0,,
10625,Community Health Centre,"Jawalamukhi, Kangra, Himachal Pradesh, 0",60.0,0.0,31.8752372,76.3203091,0,,
10626,Community Health Centre,"Jawali, Kangra, Himachal Pradesh, 0",60.0,0.0,32.1458134,76.0114788,0,,
10627,Community Health Centre,"Kotkhai, Kangra, Himachal Pradesh, 0",60.0,0.0,32.0998031,76.2691006,0,,
10628,Community Health Centre,"Nagrota Bagwan, Kangra, Himachal Pradesh, 0",60.0,0.0,32.1053971,76.3789037,0,,
10629,Community Health Centre,"Nagrota Surian, Kangra, Himachal Pradesh, 0",60.0,0.0,32.0550942,76.0928511,0,,
10630,Community Health Centre,"Nankhari, Kangra, Himachal Pradesh, 0",60.0,0.0,32.0998031,76.2691006,0,,
10631,Community Health Centre,"Shahpur, Kangra, Himachal Pradesh, 0",60.0,0.0,32.2197295,76.1728373,0,,
10632,Community Health Centre,"Chadiyar, Kangra, Himachal Pradesh, 0",60.0,0.0,32.0998031,76.2691006,0,,
10633,DistrictAyurvedic Hospital,"Dharmshala, Kangra, Himachal Pradesh, 0",60.0,0.0,32.219042,76.3234037,0,,
10634,Chc Nichar,"Nichar, Kinnaur, Himachal Pradesh, 172103",70.0,172103.0,31.5581415,77.9467371,0,,
10635,Jaypee Hospital,"Sholtu, Tapri, Kinnaur, Himachal Pradesh, 172104",70.0,172104.0,31.5173528,78.0990646,0,,
10636,"PHC, Tapri","Tapri, Kinnaur, Himachal Pradesh, 172104",70.0,172104.0,31.5173528,78.0990646,0,,
10637,Chc Sangla,"Sangla, Kinnaur, Himachal Pradesh, 172106",70.0,172106.0,31.4254859,78.2649956,0,,
10638,"Referal Hospital, Reckongpeo","Reckongpeo, Kinnaur, Himachal Pradesh, 172107",70.0,172107.0,31.6509576,78.4751945,0,,
10639,Chc Pooh,"Pooh, Kinnaur, Himachal Pradesh, 172111",70.0,172111.0,31.7640211,78.5902143,0,,
10640,Dr.RPMC Hospital,"Tanda, Kangra, Himachal Pradesh, 176001",60.0,176001.0,31.6509576,78.4751945,0,,
10641,Halder kola Ayurvedic Hospital,,60.0,0.0,31.6509576,78.4751945,0,,
10642,Primary Health Centre,"Gopalpur, Kinnaur, Himachal Pradesh, 0",70.0,0.0,31.6509576,78.4751945,0,,
10643,Shree Balaji Hospital,"NH 88, Adarsh Colony, Kangra, Himachal Pradesh, 176001",60.0,176001.0,32.1135971,76.2807758,0,,
10644,Zonal Hospital,"Dharamsala, Kinnaur, Himachal Pradesh, 176215",70.0,176215.0,31.6509576,78.4751945,0,,
10645,Community Health Centre,"Sangla, Kinnaur, Himachal Pradesh, 0",70.0,0.0,31.4254859,78.2649956,0,,
10646,Community Health Centre,"Pooh, Kinnaur, Himachal Pradesh, 0",70.0,0.0,31.7640211,78.5902143,0,,
10647,DistrictAyurvedic,"Reckong Peo, Kinnaur, Himachal Pradesh, 0",70.0,0.0,31.5390437,78.2675478,0,,
10648,Primary Health Centre,"Nichar, Kinnaur, Himachal Pradesh, 0",70.0,0.0,31.5581415,77.9467371,0,,
10649,Project Hospital,"Bhavanagar, Kinnaur, Himachal Pradesh, 0",70.0,0.0,31.6509576,78.4751945,0,,
10650,Regional Hospital,"Reckong Peo, Kinnaur, Himachal Pradesh, 0",70.0,0.0,31.5390437,78.2675478,0,,
10651,Mahatama Gandhi Medical College,"Khaneri Rampur Bsr., Shimla, Himachal Pradesh, 172001",69.0,172001.0,31.4613721,77.6734765,0,,
10652,Civel Hospital Niramd,"Nirmand, Kullu, Himachal Pradesh, 172023",62.0,172023.0,31.4225306,77.5762703,0,,
10653,Civil Hospital,"Ani, Kullu, Himachal Pradesh, 172026",62.0,172026.0,31.9578974,77.1089232,0,,
10654,Beas Hospital,"Dhalpur, Kullu, Himachal Pradesh, 175101",62.0,175101.0,31.9544689,77.1118326,0,,
10655,Civel Hospital Kullu,,62.0,175101.0,31.957851,77.1094597,0,,
10656,Clinic Kdmc Marigold,"Dr. P.D. Lal's K.D.M.C. Marigold Bldgs (Medical Liaison Service) Dhalpur, Kullu, Himachal Pradesh, 175101",62.0,175101.0,31.9578974,77.1089232,0,,
10657,Kullu Medical Centre,"Akkhara Bazar, Kullu, Himachal Pradesh, 175101",62.0,175101.0,31.9578974,77.1089232,0,,
10658,Kullu Valley Hospital ( A Unit Of Banga Hospitals Pvt. Ltd. ) - Kullu,"Kullu Valley Hospital , Shastri Nagarnear Puri Petrol Pump, Kullu, Himachal Pradesh, 175101",62.0,175101.0,31.9578974,77.1089232,0,,
10659,Sri Harihar Hospital,"Hathithan Bhuntar, Kullu, Himachal Pradesh, 175122",62.0,175122.0,31.8965223,77.1492354,0,,
10660,Civil Hospital,"Banjaar, Kullu, Himachal Pradesh, 175123",62.0,175123.0,31.9578974,77.1089232,0,,
10661,Pehal Nursing Home,"OppositeJugals, Bhunter, Kullu, Himachal Pradesh, 175125",62.0,175125.0,31.9578974,77.1089232,0,,
10662,S R Hospital and Surgical Center,"Nh-21, Vill. Kalheli- P. O Bajaura- Tehshil, Kullu, Himachal Pradesh, 175125",62.0,175125.0,43.1938516,-71.5723953,0,,
10663,Aruya Aspatal,"Kullu Road, Manali, Kullu, Himachal Pradesh, 175129",62.0,175129.0,31.9476769,77.1129677,0,,
10664,Bablu Clinic,"Rampur Road, Kullu, Himachal Pradesh, 175129",62.0,175129.0,31.9578974,77.1089232,0,,
10665,City Care Hospital,"Bhunter, Behind Addarsh School, Kullu, Himachal Pradesh, 175129",62.0,175129.0,31.9578974,77.1089232,0,,
10666,Das Clinic,,62.0,175129.0,31.9578974,77.1089232,0,,
10667,Life Line Clinic,"Dabari Mahal, Kullu, Himachal Pradesh, 175129",62.0,175129.0,31.9578974,77.1089232,0,,
10668,Medimax,"Bharai, Kullu, Himachal Pradesh, 175129",62.0,175129.0,31.9578974,77.1089232,0,,
10669,Oasis Medical Center,"Dawara Po Dhobi, Kullu, Himachal Pradesh, 175129",62.0,175129.0,31.9578974,77.1089232,0,,
10670,Civil Hospital,"Manali, Kullu, Himachal Pradesh, 175131",62.0,175131.0,32.2396325,77.1887145,0,,
10671,Lady Willingdon Hospital,"Manali, Kullu, Himachal Pradesh, 175131",62.0,175131.0,32.2396325,77.1887145,0,,
10672,Rawat Clinic,"Near Telephone Exchange, Manali, Kullu, Himachal Pradesh, 175131",62.0,175131.0,30.3804385,76.7811848,0,,
10673,Sri Harihar Hospital and Research Centre,"Near GovernmentCollage The Mall Dhalpur, Kullu, Himachal Pradesh, 0",62.0,0.0,23.7250083,90.4053026,0,,
10674,Lady Willngdon Hospital,"Manali, Kullu, Himachal Pradesh, 0",62.0,0.0,32.2396325,77.1887145,0,,
10675,S.R.Hospital,"Vill.Kalheli PO Bajaura The., Kullu, Himachal Pradesh, 0",62.0,0.0,31.9578974,77.1089232,0,,
10676,"Ayurvedic Hospital, Katrai",,62.0,0.0,31.957851,77.1094597,0,,
10677,"Civil Hospital, Ani","Ani, Kullu, Himachal Pradesh, 0",62.0,0.0,31.9578974,77.1089232,0,,
10678,Civil Hospital,"Banjaar, Kullu, Himachal Pradesh, 0",62.0,0.0,31.9578974,77.1089232,0,,
10679,Civil Hospital,"Jari, Kullu, Himachal Pradesh, 0",62.0,0.0,31.9995469,77.2476997,0,,
10680,Civil Hospital,,62.0,0.0,31.957851,77.1094597,0,,
10681,Civil Hospital,"Manali, Kullu, Himachal Pradesh, 0",62.0,0.0,32.2396325,77.1887145,0,,
10682,Civil Hospital,"Nirmand, Kullu, Himachal Pradesh, 0",62.0,0.0,31.4225306,77.5762703,0,,
10683,Community Health Centre,"Dalash, Kullu, Himachal Pradesh, 0",62.0,0.0,31.3859048,77.4329048,0,,
10684,"P H C, Tabo","Tabo, Lahaul and Spiti, Himachal Pradesh, 172113",61.0,172113.0,32.091517,78.3833783,0,,
10685,C H C Kaza,"Kaza, Lahaul and Spiti, Himachal Pradesh, 172114",61.0,172114.0,32.2296829,78.0685777,0,,
10686,District Ayurvedic Hospital,"Keylong, Lahaul and Spiti, Himachal Pradesh, 175132",61.0,175132.0,32.5709987,77.0319784,0,,
10687,"Regional Hospital, Keylong","Keylong, Lahaul and Spiti, Himachal Pradesh, 175132",61.0,175132.0,32.5709987,77.0319784,0,,
10688,C H C Shansha,"Shansha, Lahaul and Spiti, Himachal Pradesh, 175133",61.0,175133.0,32.6161802,76.9034408,0,,
10689,"Chc, Udaipur","Udaipur, Lahaul and Spiti, Himachal Pradesh, 175142",61.0,175142.0,32.7242695,76.6650946,0,,
10690,Community Health Centre,"Kaza, Lahaul and Spiti, Himachal Pradesh, 0",61.0,0.0,32.2275991,78.0709903,0,,
10691,Community Health Centre,"Udaypur, Lahaul and Spiti, Himachal Pradesh, 0",61.0,0.0,32.6192107,77.3783789,0,,
10692,Community Health Centre,"SH 26, Shansha, Lahaul and Spiti, Himachal Pradesh, 175133",61.0,175133.0,32.6161802,76.9034408,0,,
10693,DistrictAyurvedic Hospital,"Keylong, Lahaul and Spiti, Himachal Pradesh, 0",61.0,0.0,32.5709987,77.0319784,0,,
10694,Primary Health Centre,"Tabo, Lahaul and Spiti, Himachal Pradesh, 0",61.0,0.0,32.0932586,78.3856447,0,,
10695,Regional Hospital,"Keylong, Lahaul and Spiti, Himachal Pradesh, 175132",61.0,175132.0,32.5709987,77.0319784,0,,
10696,Banga Associated Hospital,"Dadour Chowk, Mandi, Himachal Pradesh, 175001",63.0,175001.0,31.6516617,77.0092542,0,,
10697,Bbmb Hospital,"Sundarnagar, Mandi, Himachal Pradesh, 175001",63.0,175001.0,31.5332397,76.8922729,0,,
10698,Civil Hospital,"Sarkaghat, Mandi, Himachal Pradesh, 175001",63.0,175001.0,31.6989558,76.7324084,0,,
10699,District Ayurvedic Hospital,,63.0,175001.0,31.6516617,77.0092542,0,,
10700,K.S Hospital,"Opposite Zonal Hospital, Mandi, Himachal Pradesh, 175001",63.0,175001.0,31.6516617,77.0092542,0,,
10701,Kailash Clinic,,63.0,175001.0,31.6516617,77.0092542,0,,
10702,Neta S C Boss Reg Hospital,,63.0,175001.0,31.6516617,77.0092542,0,,
10703,Sri Sai Charitable and Institute Of Medical Science,"Village Trot ,Po Kanald ,Teh Sunder Nagar, Mandi, Himachal Pradesh, 175001",63.0,175001.0,31.6516617,77.0092542,0,,
10704,Sushruta Hospital,"Lake View Colony,Dhadiyal,Sundr Nagar, Mandi, Himachal Pradesh, 175001",63.0,175001.0,31.6516617,77.0092542,0,,
10705,"PHC, Gopalpur","Gopalpur, Mandi, Himachal Pradesh, 175007",63.0,175007.0,31.6458317,76.7495233,0,,
10706,Aastha Maternity Home and Taruma Centre,"Rana Complex ,Near Chowk, Mandi, Himachal Pradesh, 175008",63.0,175008.0,25.3077585,82.9960144,0,,
10707,Sri Harihar Hospital and Research Centre,"Vill. P.O. Gutkar, Mandi, Himachal Pradesh, 175021",63.0,175021.0,31.6507399,76.944141,0,,
10708,Referal Hospital Sarkaghat,"Sarkaghat, Mandi, Himachal Pradesh, 175024",63.0,175024.0,31.6989558,76.7324084,0,,
10709,Primary Health Center Baldavada,"Baldavada, Mandi, Himachal Pradesh, 175033",63.0,175033.0,31.6516617,77.0092542,0,,
10710,Community Health Center,"Janjali, Mandi, Himachal Pradesh, 175047",63.0,175047.0,31.6516617,77.0092542,0,,
10711,Intact Dental Clinic,"283/6, Moti Bazar, Near PNB, Mandi, Himachal Pradesh, 0",63.0,0.0,31.6516617,77.0092542,0,,
10712,Shree Dental Clinic,"Main Road Opposite PNB, Sundernager, Mandi, Himachal Pradesh, 0",63.0,0.0,31.6516617,77.0092542,0,,
10713,Himachal Dental Collage,"Sunder Nager, Mandi, Himachal Pradesh, 0",63.0,0.0,31.6516617,77.0092542,0,,
10714,Sai Valley Hospital,"Village Tarot, PO Kanaid,\nThe.Sundernager, Mandi, Himachal Pradesh, 0",63.0,0.0,31.6516617,77.0092542,0,,
10715,Niramay Clinic,"Hospital road, Post office, Mandi, Himachal Pradesh, 0",63.0,0.0,17.3475489,78.506413,0,,
10716,Sushruta Hospital and Diagnoscan,"Sundernager, Mandi, Himachal Pradesh, 0",63.0,0.0,31.6516617,77.0092542,0,,
10717,Ayurvedic Hospital,"Joginder nagar, Mandi, Himachal Pradesh, 0",63.0,0.0,31.9912388,76.7899135,0,,
10718,Civil Hospital,"Joginder nagar, Mandi, Himachal Pradesh, 0",63.0,0.0,31.9912388,76.7899135,0,,
10719,Civil Hospital,"Karsog, Mandi, Himachal Pradesh, 0",63.0,0.0,31.3813366,77.2045867,0,,
10720,Civil Hospital,"Sandole, Mandi, Himachal Pradesh, 0",63.0,0.0,31.6516617,77.0092542,0,,
10721,Civil Hospital,"Sunder nagar, Mandi, Himachal Pradesh, 0",63.0,0.0,31.6516617,77.0092542,0,,
10722,DistrictAyurvedic Hospital,,63.0,0.0,31.7081655,76.9313675,0,,
10723,Neta Ji Subhash Chander Bose Zonal Hospital,,63.0,0.0,31.7081655,76.9313675,0,,
10724,Primary Health Centre,"Baldavada, Mandi, Himachal Pradesh, 0",63.0,0.0,31.6516617,77.0092542,0,,
10725,Primary Health Centre,"Bhagshad, Mandi, Himachal Pradesh, 0",63.0,0.0,31.6516617,77.0092542,0,,
10726,Primary Health Centre,"Chontra, Mandi, Himachal Pradesh, 0",63.0,0.0,31.6516617,77.0092542,0,,
10727,Primary Health Centre,"DhaRampur, Mandi, Himachal Pradesh, 0",63.0,0.0,31.8029903,76.7603434,0,,
10728,Primary Health Centre,"Ghor, Mandi, Himachal Pradesh, 0",63.0,0.0,31.6516617,77.0092542,0,,
10729,Primary Health Centre,"Janjali, Mandi, Himachal Pradesh, 0",63.0,0.0,31.6516617,77.0092542,0,,
10730,Primary Health Centre,"Kotli, Mandi, Himachal Pradesh, 0",63.0,0.0,31.7574335,76.8728167,0,,
10731,Primary Health Centre,"Nagvaani, Mandi, Himachal Pradesh, 0",63.0,0.0,31.6516617,77.0092542,0,,
10732,Primary Health Centre,"Pdher, Mandi, Himachal Pradesh, 0",63.0,0.0,31.6516617,77.0092542,0,,
10733,Primary Health Centre,"Ratti, Mandi, Himachal Pradesh, 0",63.0,0.0,31.6007676,76.9081238,0,,
10734,Primary Health Centre,"Rewalsar, Mandi, Himachal Pradesh, 0",63.0,0.0,31.6321926,76.8331743,0,,
10735,Referal Hospital,"Sarkaghat, Mandi, Himachal Pradesh, 0",63.0,0.0,31.6989558,76.7324084,0,,
10736,Bhartiya Chikitsa And Homeopethic Department,,69.0,171001.0,31.1048145,77.1734033,0,,
10737,Ddu Hospital / Deen Dyal Upadhyay Zonal Hospital,,69.0,171001.0,31.1048145,77.1734033,0,,
10738,Goel Eye and Goel Dental Clinic and X- Rays,"30, Lakkar Bazar, Shimla, Himachal Pradesh, 171001",69.0,171001.0,31.1058233,77.1787114,0,,
10739,Government Dental College and Hospital,,69.0,171001.0,31.1048145,77.1734033,0,,
10740,Igmc (Only H P Critical Care Policy),"Circular Rd, Shimla, Himachal Pradesh, 171001",69.0,171001.0,31.1063761,77.1769144,0,,
10741,Indira Gandhi Medical College and Hospital,,69.0,171001.0,31.1048145,77.1734033,0,,
10742,Jatinder Eye Hospital,"Near Airtel Office (Above Gift Emporium) 74, The Mall, Shimla, Himachal Pradesh, 171001",69.0,171001.0,31.1041526,77.1709729,0,,
10743,Kamla Nehru State Hospital,,69.0,171001.0,31.1048145,77.1734033,0,,
10744,Mount Jakhoo (Indus Drive),,69.0,171001.0,31.1048145,77.1734033,0,,
10745,Tara Hospital,"Point Padam Dev Complex 3Rd Floor The Ridge, Shimla, Himachal Pradesh, 171001",69.0,171001.0,31.1041526,77.1709729,0,,
10746,Simla Sanitarium And Hospital,"Carton House,Chaura Maidan, Shimla, Himachal Pradesh, 171004",69.0,171004.0,31.1041526,77.1709729,0,,
10747,P H C,"Mashobra, Shimla, Himachal Pradesh, 171007",69.0,171007.0,31.1296226,77.2283453,0,,
10748,Dr Prabhudas Nursing Home,"Airport Road ,Lower Totu, Shimla, Himachal Pradesh, 171011",69.0,171011.0,43.9932901,-107.9492606,0,,
10749,C H C Suni,"Suni, Shimla, Himachal Pradesh, 171018",69.0,171018.0,31.2398278,77.1218803,0,,
10750,C H C Kothkhai,"Kothkhai, Shimla, Himachal Pradesh, 171202",69.0,171202.0,31.1167553,77.5358739,0,,
10751,Civil Hospital,"Jubbal, Shimla, Himachal Pradesh, 171205",69.0,171205.0,31.1116916,77.6664976,0,,
10752,"Ayurvedic Hospital, Rohru","Rohru, Shimla, Himachal Pradesh, 171207",69.0,171207.0,31.2045526,77.7523608,0,,
10753,Civil Hospital,"Rohru, Shimla, Himachal Pradesh, 171207",69.0,171207.0,31.2045526,77.7523608,0,,
10754,C H C Chirgaon,"Chirgaon, Shimla, Himachal Pradesh, 171208",69.0,171208.0,31.2370821,77.8776813,0,,
10755,Civil Hospital,"Nerwa, Shimla, Himachal Pradesh, 171210",69.0,171210.0,30.9190232,77.6424486,0,,
10756,Civil Hospital,"Chopal, Shimla, Himachal Pradesh, 171211",69.0,171211.0,30.9478979,77.5901243,0,,
10757,C H C Nankhari,"Nankhari, Shimla, Himachal Pradesh, 172021",69.0,172021.0,31.3092877,77.5834339,0,,
10758,C H C Kumarsain,"Kumarsain, Shimla, Himachal Pradesh, 172029",69.0,172029.0,31.3182709,77.4458151,0,,
10759,Civil Hospital,"Kotgarh, Shimla, Himachal Pradesh, 172031",69.0,172031.0,31.3113704,77.4744889,0,,
10760,District Ayurvedic Hospital,"Reckong Peo, Shimla, Himachal Pradesh, 172102",69.0,172102.0,31.1048145,77.1734033,0,,
10761,Civil Hospital,"Chail, Shimla, Himachal Pradesh, 173217",69.0,173217.0,31.1048145,77.1734033,0,,
10762,Indira Gandhi Medical College and Hospital,"Indira Gandhi Medical College, Shimla, Himachal Pradesh, 171001",69.0,171001.0,11.9472547,79.7896601,0,,
10763,Goel Eye Clinic,"30, Lakkar bazar, Shimla, Himachal Pradesh, 0",69.0,0.0,31.1058233,77.1787114,0,,
10764,Ultrasound Centre and New Ultrasound Centre,"LilawatiBhawan Near IGMC, Shimla, Himachal Pradesh, 0",69.0,0.0,31.1041526,77.1709729,0,,
10765,Rana Ortho Care Centre,"Red Cross Sarai\nBuilding OppositeDDUZH, Shimla, Himachal Pradesh, 0",69.0,0.0,31.1041526,77.1709729,0,,
10766,Dr.Lakhanpaul Nursing Home Dental Speciality Centre,"Top Floor-63, Lower Bazar, Shimla, Himachal Pradesh, 0",69.0,0.0,23.311436,85.317204,0,,
10767,Inder Dental Clinic,"Sanjouli, Shimla, Himachal Pradesh, 0",69.0,0.0,31.1048145,77.1734033,0,,
10768,Goel Dental Clinic,"Lakkar Bazar, Shimla, Himachal Pradesh, 0",69.0,0.0,31.1058233,77.1787114,0,,
10769,Abhinav Dental Clinic,"Chhotta, Shimla, Himachal Pradesh, 0",69.0,0.0,31.1048145,77.1734033,0,,
10770,Puri Medical Centre\n,"Megna Complex, The\nMall, Shimla, Himachal Pradesh, 0",69.0,0.0,31.1041526,77.1709729,0,,
10771,Patient Care Clinic,"BCS Market New Shimla, Shimla, Himachal Pradesh, 0",69.0,0.0,31.1048145,77.1734033,0,,
10772,Nirmal Clinical,"Inder Place Market Near\nSanjauli Chowk, Shimla, Himachal Pradesh, 0",69.0,0.0,31.1038132,77.1929875,0,,
10773,Vidya Clinic,"79/1 Lower Bazar, Shimla, Himachal Pradesh, 0",69.0,0.0,31.103468,77.1757122,0,,
10774,Vijay Clinic,"Khalini Chowk, Shimla, Himachal Pradesh, 0",69.0,0.0,31.1048145,77.1734033,0,,
10775,Shimla Gyane Centre,"Bondary Chhota, Shimla, Himachal Pradesh, 0",69.0,0.0,31.1048145,77.1734033,0,,
10776,Lions Grewal Eye Institute,"459, Sector-4, Phase-II, New Shimla, Shimla, Himachal Pradesh, 0",69.0,0.0,31.1048145,77.1734033,0,,
10777,Dr.Jitender Eye Hospital,"74 The mall, Shimla, Himachal Pradesh, 0",69.0,0.0,31.1071394,77.1708039,0,,
10778,Tenzin Hospital,"Main Bye-Pass Road\nPanthaghati (KH-22) Near Shiv Mandir\nKasumpti, Shimla, Himachal Pradesh, 171009",69.0,171009.0,31.1041526,77.1709729,0,,
10779,Medicare Lab and Ultrasound Centre,"Himland, Shimla, Himachal Pradesh, 0",69.0,0.0,31.1048145,77.1734033,0,,
10780,Shimla Sanitarium and Hospital,"Carton House, Chaura Maidan, Shimla, Himachal Pradesh, 171004",69.0,171004.0,31.1041526,77.1709729,0,,
10781,Shiva Dental Care,"Shop No.13 SDA Colony\nShopping Complex, Vikas Nager, Shimla, Himachal Pradesh, 0",69.0,0.0,31.1041526,77.1709729,0,,
10782,Grover Dental Clinic,"The Mall, Shimla, Himachal Pradesh, 0",69.0,0.0,31.1071394,77.1708039,0,,
10783,Sri Ram Hospital,"G.S.Tower, Near Lakshmi\nNarayan Mandir Sanjouli, Shimla, Himachal Pradesh, 0",69.0,0.0,31.1041526,77.1709729,0,,
10784,Dr.Lal Path Labs Pvt.Ltd.,"Sarab Complex, Sanjouli Market, Shimla, Himachal Pradesh, 0",69.0,0.0,31.1041526,77.1709729,0,,
10785,Aastha Hospital,"Panthaghati, Shimla, Himachal Pradesh, 0",69.0,0.0,31.0679382,77.180149,0,,
10786,Maria Clinic,"The Mall, Shimla, Himachal Pradesh, 0",69.0,0.0,31.1071394,77.1708039,0,,
10787,Shri Ram Medical Centre,"The Mall, Shimla, Himachal Pradesh, 0",69.0,0.0,31.1071394,77.1708039,0,,
10788,Regional Ayurvedic Hospital,"Chotta Shimla Kasumpti Road, Shimla, Himachal Pradesh, 171009",69.0,171009.0,31.0869735,77.1801916,0,,
10789,Gastroentrology Endoscopy Centre,"Lakkar Bazar Near IGMC, Shimla, Himachal Pradesh, 0",69.0,0.0,31.1065156,77.1816614,0,,
10790,Desouza Nursing Home / Dsouza Nursing Home,"Mall Road, Opposite Ranital Garden,Nahan, Sirmaur, Himachal Pradesh, 173001",68.0,173001.0,30.5595434,77.2931614,0,,
10791,District Ayurvedic Hospital,"Nahan, Sirmaur, Himachal Pradesh, 173001",68.0,173001.0,30.5599327,77.295483,0,,
10792,"Refferal Hospital, Dadahu / Referral Hospital","Dadahu, Sirmaur, Himachal Pradesh, 173022",68.0,173022.0,30.6006721,77.4372084,0,,
10793,C H C Sangrah,"Sangrah, Sirmaur, Himachal Pradesh, 173023",68.0,173023.0,30.693975,77.4331855,0,,
10794,Civil Hospital,"Sarahan, Sirmaur, Himachal Pradesh, 173024",68.0,173024.0,30.7258579,77.1854543,0,,
10795,Civil Hospital,"Paonta, Sirmaur, Himachal Pradesh, 173025",68.0,173025.0,30.6991321,77.4465304,0,,
10796,Puran Hospital,"Campus-Himachal Institute Of Dental Science,Rampur Ghat Road, Sirmaur, Himachal Pradesh, 173025",68.0,173025.0,30.4488307,77.6525335,0,,
10797,Vohra Hospital,"Bypass Road, Paonta Sahib, Sirmaur, Himachal Pradesh, 173025",68.0,173025.0,30.4342658,77.6666683,0,,
10798,C H C Shillai,"Shillai, Sirmaur, Himachal Pradesh, 173027",68.0,173027.0,30.6674887,77.7256697,0,,
10799,Akal Hospital,"Akal Hospital , Baru Sahib, Sirmaur, Himachal Pradesh, 173101",68.0,173101.0,30.6991321,77.4465304,0,,
10800,Civil Hospital,"Rajgarh, Sirmaur, Himachal Pradesh, 173101",68.0,173101.0,30.849989,77.2994144,0,,
10801,P.H.C.,"Naura-Dhar, Sirmaur, Himachal Pradesh, 173104",68.0,173104.0,30.8784866,77.2008209,0,,
10802,Shimla Sanitorium Hospital,"Chora Maidan, Shimla, Himachal Pradesh, 0",69.0,0.0,31.1048145,77.1734033,0,,
10803,Sri Ram Hospital,"18-D Sec-1 New Shimla, Shimla, Himachal Pradesh, 0",69.0,0.0,31.1048145,77.1734033,0,,
10804,Civil Hospital,"Paonta, Sirmaur, Himachal Pradesh, 0",68.0,0.0,30.6991321,77.4465304,0,,
10805,Civil Hospital,"Sarahan, Sirmaur, Himachal Pradesh, 0",68.0,0.0,30.7258579,77.1854543,0,,
10806,Civil Hospital,"Rajgarh, Sirmaur, Himachal Pradesh, 0",68.0,0.0,30.849989,77.2994144,0,,
10807,Community Health Centre,"Shillai, Sirmaur, Himachal Pradesh, 0",68.0,0.0,30.6748131,77.7065754,0,,
10808,Community Health Centre,"Sangrah, Sirmaur, Himachal Pradesh, 0",68.0,0.0,30.6957312,77.4257319,0,,
10809,DistrictAyurvedic Hospital,"Nahan, Sirmaur, Himachal Pradesh, 0",68.0,0.0,30.5599327,77.295483,0,,
10810,Primary Health Centre,"Naura Dhar, Sirmaur, Himachal Pradesh, 0",68.0,0.0,30.8784866,77.2008209,0,,
10811,Referral Hospital,"Dadahu, Sirmaur, Himachal Pradesh, 0",68.0,0.0,30.6010337,77.4381946,0,,
10812,Referral Hospital,"Nahan, Sirmaur, Himachal Pradesh, 0",68.0,0.0,30.5599327,77.295483,0,,
10813,Puran Hospital,"Rampur Ghat Road, Paonta sahib, Sirmaur, Himachal Pradesh, 0",68.0,0.0,30.4441645,77.6349041,0,,
10814,Pawar Nursing Home,"Paonta Sahib, Sirmaur, Himachal Pradesh, 0",68.0,0.0,30.445283,77.6020569,0,,
10815,Himachal Institute of Dental Sciences,"Paonta Sahib, Sirmaur, Himachal Pradesh, 0",68.0,0.0,30.445283,77.6020569,0,,
10816,Sneh Hospital,"Kala Amb, Sirmaur, Himachal Pradesh, 0",68.0,0.0,30.4992306,77.2070259,0,,
10817,"P H C, Chandi","Chandi, Solan, Himachal Pradesh, 171102",67.0,171102.0,31.2600801,76.9812887,0,,
10818,"P H C, Darlaghat","Darlaghat, Solan, Himachal Pradesh, 171102",67.0,171102.0,31.2338347,76.9376743,0,,
10819,Aakash Hospital and Diagnostics,"Opp Radha Swami Satsang Bhawan Rakh Ram Singh , Pinjore Road Nalagarh, Solan, Himachal Pradesh, 173205",67.0,173205.0,42.9431682,1.6950613,0,,
10820,Bhardwaj Hospital,"Sai Road,OppositeHarman Filling Station, Solan, Himachal Pradesh, 173205",67.0,173205.0,42.9431682,1.6950613,0,,
10821,Gupta Surgical Hospitaland Maternity Home,"OppositeHousing Board Colony,Phase-3,Sai Rqad,Baddi, Solan, Himachal Pradesh, 173205",67.0,173205.0,42.9431682,1.6950613,0,,
10822,Life Care Hospital,"Malpur, Baddi, Solan, Himachal Pradesh, 173205",67.0,173205.0,30.9578258,76.7913558,0,,
10823,Lifeline Hospital - Baddi,"# 135 - A, Export Promotion Industrial Park,Phase - I, Jharmajri,Baddi, Solan, Himachal Pradesh, 173205",67.0,173205.0,42.9431682,1.6950613,0,,
10824,N P S Hospital,"Housing Board Colony, Phase- Iii, Sai Road, Solan, Himachal Pradesh, 173205",67.0,173205.0,30.9478551,76.8067641,0,,
10825,Nri Hospital Pvt. Ltd.,"Housing Board Colony, Phase-Iii, Baddi, Teh. Nalagarh, Solan, Himachal Pradesh, 173205",67.0,173205.0,42.9431682,1.6950613,0,,
10826,Civil Hospital,"Arki, Solan, Himachal Pradesh, 173208",67.0,173208.0,31.1562331,76.9686717,0,,
10827,C H C Dharampur,"Dharampur, Solan, Himachal Pradesh, 173209",67.0,173209.0,30.9044814,77.0291904,0,,
10828,Lamba Nursing Home,"Dharmapur, Solan, Himachal Pradesh, 173209",67.0,173209.0,42.9431682,1.6950613,0,,
10829,Bhardwaj Dnsd Medical Center,"Hospital Road, Near Zonal Hospital, Solan, Himachal Pradesh, 173212",67.0,173212.0,28.963888,80.1850654,0,,
10830,Grover Eye and E.N.T Hospital,"Near I.T.I. Gate, First Floor, The Mall, Solan, Himachal Pradesh, 173212",67.0,173212.0,42.9431682,1.6950613,0,,
10831,Kapoors Nursing Home,"Near Mohan Park, Solan, Himachal Pradesh, 173212",67.0,173212.0,42.9431682,1.6950613,0,,
10832,Prashar Nursing Home,"Rajgarh Road, Solan, Himachal Pradesh, 173212",67.0,173212.0,30.892449,77.1056296,0,,
10833,Regional Hospital Solan,"Solan Bus Stand, Solan, Himachal Pradesh, 173212",67.0,173212.0,42.9431682,1.6950613,0,,
10834,Sai Sanjivni Hospital,"The Mall, Solan, Himachal Pradesh, 173212",67.0,173212.0,42.9431682,1.6950613,0,,
10835,Sanjivni Nursing Home,"Near Lic The Mall, Solan, Himachal Pradesh, 173212",67.0,173212.0,42.9431682,1.6950613,0,,
10836,Sidhant Nursing Home,"Near Basanti Bagh Sai Road Baddi, Solan, Himachal Pradesh, 173212",67.0,173212.0,42.9431682,1.6950613,0,,
10837,Vijay Multispeciality Hospital,"Near Vatika Hotel, Nurpur Road, Bodh, Jassur, Solan, Himachal Pradesh, 173212",67.0,173212.0,42.9431682,1.6950613,0,,
10838,Civil Hospital,"Kandaghat, Solan, Himachal Pradesh, 173215",67.0,173215.0,30.9702143,77.1053673,0,,
10839,E.S.I. Hospital,"Kandaghat, Solan, Himachal Pradesh, 173215",67.0,173215.0,30.9067042,77.1075578,0,,
10840,Ayurvedic Hospital Nalagarh,"Nalagarh, Solan, Himachal Pradesh, 174101",67.0,174101.0,31.0445587,76.7047904,0,,
10841,C H C,"Nalagarh, Solan, Himachal Pradesh, 174101",67.0,174101.0,31.0445587,76.7047904,0,,
10842,Gagan Nursing Home,"Main Market, Behid Bus Stand, Nalagarh, Solan, Himachal Pradesh, 174101",67.0,174101.0,42.9431682,1.6950613,0,,
10843,Govt Ayurvedic Hospital,"Nalagarh, Solan, Himachal Pradesh, 174101",67.0,174101.0,31.0445587,76.7047904,0,,
10844,Lord Mahavira (Ashirwad) Hospital,"Near Hotel Drive Inn, Dattowal,Nalagarh, Solan, Himachal Pradesh, 174101",67.0,174101.0,42.9431682,1.6950613,0,,
10845,Ravi Medical Centre,"Dattowal, Solan, Himachal Pradesh, 174101",67.0,174101.0,31.0356057,76.7098511,0,,
10846,Shri Kant Memorial Hospital,"Kalka Road, Kripalpur, Nalagarh, Solan, Himachal Pradesh, 174101",67.0,174101.0,42.9431682,1.6950613,0,,
10847,Malan Nursing Home,"Tank Road, Solan, Himachal Pradesh, 0",67.0,0.0,30.9081066,77.1093549,0,,
10848,Aggarwal Eye Hospital,"Rajgarh Road, Solan, Himachal Pradesh, 0",67.0,0.0,30.892449,77.1056296,0,,
10849,Sai Sanjeevani Hospital,"Opp, DistrictCourt,\nThe Mall Road, Solan, Himachal Pradesh, 0",67.0,0.0,42.9431682,1.6950613,0,,
10850,Bhardwaj Dnsd Memorial Medical Centre,,67.0,0.0,42.9431682,1.6950613,0,,
10851,Himachal Medical Care Centre,"Shri Ram\nKutir OppositeRH, Solan, Himachal Pradesh, 0",67.0,0.0,42.9431682,1.6950613,0,,
10852,Bhojia General Hospital,"Buddh Baddi, Solan, Himachal Pradesh, 0",67.0,0.0,30.9578258,76.7913558,0,,
10853,Him Medicare Centre,"The Mall, Solan, Himachal Pradesh, 0",67.0,0.0,42.9431682,1.6950613,0,,
10854,Sood Medical Radio Diagnostic Centre,"The Mall, Solan, Himachal Pradesh, 0",67.0,0.0,42.9431682,1.6950613,0,,
10855,City Hospital,"Rajgarh Road, Solan, Himachal Pradesh, 0",67.0,0.0,30.892449,77.1056296,0,,
10856,Kapoor Nursing Home,"Near Mohan Park, Solan, Himachal Pradesh, 0",67.0,0.0,42.9431682,1.6950613,0,,
10857,Lord Mahavira Hospital,"Near Drive In Dattowal Nalagarh, Solan, Himachal Pradesh, 0",67.0,0.0,42.9431682,1.6950613,0,,
10858,Bansal Orthopaedic Centre,"Dev Building Near, Saini Rest House, The Mall, Solan, Himachal Pradesh, 0",67.0,0.0,42.9431682,1.6950613,0,,
10859,Shiva Hospital,"Near Jogindra Bank Rajgarh Road, Solan, Himachal Pradesh, 0",67.0,0.0,42.9431682,1.6950613,0,,
10860,JP Hospital and Paediatric Centre,"Hospital Road, Solan, Himachal Pradesh, 0",67.0,0.0,30.9067042,77.1075578,0,,
10861,Aakash Hospital,"Nalagarh, Solan, Himachal Pradesh, 0",67.0,0.0,31.0445587,76.7047904,0,,
10862,Ayurvedic Hospital,"Nalagarh, Solan, Himachal Pradesh, 0",67.0,0.0,31.0445587,76.7047904,0,,
10863,Civil Hospital,"Chail, Solan, Himachal Pradesh, 0",67.0,0.0,30.9676214,77.1916497,0,,
10864,Civil Hospital,"Arki, Solan, Himachal Pradesh, 0",67.0,0.0,31.1562331,76.9686717,0,,
10865,Civil Hospital,"Kandaghat, Solan, Himachal Pradesh, 0",67.0,0.0,30.9702143,77.1053673,0,,
10866,Community Health Centre,"DhaRampur, Solan, Himachal Pradesh, 0",67.0,0.0,30.8994362,77.0190228,0,,
10867,Community Health Centre,"Nalagarh, Solan, Himachal Pradesh, 0",67.0,0.0,31.0445587,76.7047904,0,,
10868,E.S.I.Hospital,"Parwanoo, Solan, Himachal Pradesh, 0",67.0,0.0,30.8371639,76.9614255,0,,
10869,Primary Health Centre,"Darlaghat, Solan, Himachal Pradesh, 0",67.0,0.0,31.2372527,76.9354979,0,,
10870,Primary Health Centre,"Kunihar, Solan, Himachal Pradesh, 0",67.0,0.0,31.0795387,76.9614255,0,,
10871,Regional Hospital,"Solan, Solan, Himachal Pradesh, 0",67.0,0.0,30.9044857,77.0967357,0,,
10872,Shergill Healthcare Centre,"Near Sales Tax Barrier ,Ajouli Morh, Una, Himachal Pradesh, 174301",65.0,174301.0,44.9830709,16.2475717,0,,
10873,Agnihotri Life Line Hospital,"Near Bus Stand, Una, Himachal Pradesh, 174302",65.0,174302.0,44.9830709,16.2475717,0,,
10874,Civil Hospital,,65.0,174303.0,44.9830709,16.2475717,0,,
10875,Dharti General Hospital,"Anand Bazar, Una, Himachal Pradesh, 174303",65.0,174303.0,44.9830709,16.2475717,0,,
10876,District Ayurvedic Hospital,,65.0,174303.0,44.9830709,16.2475717,0,,
10877,Kanwar Hospital,,65.0,174303.0,44.9830709,16.2475717,0,,
10878,Regional Hospital Una,,65.0,174303.0,31.468445,76.2707745,0,,
10879,Shivalik Hospital,"Near Sabzi Mandi, Una, Himachal Pradesh, 174303",65.0,174303.0,44.9830709,16.2475717,0,,
10880,Vishal Eye Hospital,"Opposite Hotel Suvidha Palace, Hamirpur Road, Una, Himachal Pradesh, 174303",65.0,174303.0,44.9830709,16.2475717,0,,
10881,Chawala Medical Centre And Nursing Home,"Main Road Mehatpur, Una, Himachal Pradesh, 174315",65.0,174315.0,31.0344474,75.4673654,0,,
10882,Choudhary Nursing and Maternity Home,"Bus Stand , Mehatpur, Una, Himachal Pradesh, 174315",65.0,174315.0,31.4078164,76.3434679,0,,
10883,Eshan Eye Hospital And Research Centre,"Indl. Area Chowk, Mehatpur, Una, Himachal Pradesh, 174315",65.0,174315.0,44.9830709,16.2475717,0,,
10884,Chc Chintpurni,"Chintpurni, Una, Himachal Pradesh, 177110",65.0,177110.0,31.8054391,76.1044506,0,,
10885,Lakhi Hospital,"Amb Road, Daulatpur Chowk (Cghalet), Una, Himachal Pradesh, 177204",65.0,177204.0,44.9830709,16.2475717,0,,
10886,"Ayurvedic Hospital, Ishpur","Ishpur, Una, Himachal Pradesh, 177207",65.0,177207.0,44.9830709,16.2475717,0,,
10887,Anandraj Malik Hospital and Diagnostic Centre\n,"Mehatpur, Una, Himachal Pradesh, 0",65.0,0.0,31.4078164,76.3434679,0,,
10888,Agnihotri Life Line Hospsital,"Near Bus Stand, Una, Himachal Pradesh, 0",65.0,0.0,44.9830709,16.2475717,0,,
10889,"Altis Hospital, Auckland Complex","Hamirpur Road, Near Suvidha Palace, Una, Himachal Pradesh, 0",65.0,0.0,44.9830709,16.2475717,0,,
10890,Chauhan Eye Hospital,"Ward No.4 Vikas Nager, Nangal Raod, Una, Himachal Pradesh, 0",65.0,0.0,44.9830709,16.2475717,0,,
10891,Eshan Eye Hospital,"Near Industrial Area Chowk, Mehatpur, Una, Himachal Pradesh, 0",65.0,0.0,44.9830709,16.2475717,0,,
10892,Bhardwaj Health Care Centre,"Panchvati, Rakkar Colony, Una, Himachal Pradesh, 0",65.0,0.0,44.9830709,16.2475717,0,,
10893,"Ayurvedic Hospital, Ispur",,65.0,0.0,31.468445,76.2707745,0,,
10894,Civil Hospital,"Chintpurni, Una, Himachal Pradesh, 0",65.0,0.0,31.8054391,76.1044506,0,,
10895,Community Health Centre,"Amb, Una, Himachal Pradesh, 0",65.0,0.0,31.6798005,76.1174988,0,,
10896,Community Health Centre,"Bangana, Una, Himachal Pradesh, 0",65.0,0.0,31.613824,76.3579401,0,,
10897,Community Health Centre,"Daulatpur, Una, Himachal Pradesh, 0",65.0,0.0,31.7747487,75.9985446,0,,
10898,Community Health Centre,"Gagret, Una, Himachal Pradesh, 0",65.0,0.0,31.6622025,76.0594972,0,,
10899,Community Health Centre,"Haroli, Una, Himachal Pradesh, 0",65.0,0.0,31.422338,76.2319793,0,,
10900,Community Health Centre,"Amb, Una, Himachal Pradesh, 0",65.0,0.0,31.6798005,76.1174988,0,,
10901,District Ayurvedic Hospital,"Una, Una, Himachal Pradesh, 174303",65.0,174303.0,31.468445,76.2707745,0,,
10902,Primary Health Centre,"Amlehar, Una, Himachal Pradesh, 0",65.0,0.0,31.7504338,76.0769825,0,,
10903,Primary Health Centre,"Thanakalan, Una, Himachal Pradesh, 174321",65.0,174321.0,44.9830709,16.2475717,0,,
10904,Regional Hospital,,65.0,174303.0,31.468445,76.2707745,0,,
10905,Maya Dass Shiv Dass Rotary Eye Hospital,,62.0,0.0,31.9578974,77.1089232,0,,
10906,"Kullu Valley Hospital, Kullu","Shashtri Nager, Kullu, Himachal Pradesh, 175101",62.0,175101.0,31.9560442,77.1112605,0,,
10907,"Oasis Medical Centre, Dawara",,62.0,0.0,32.0966394,77.1280388,0,,
10914,Sai Mahima Shukla Hospital,"Ram Nager, Kangra, Himachal Pradesh, 176215",60.0,176215.0,32.0998031,76.2691006,0,,
10915,Shree Balaji Hospital,"Opposite Petrol Pump, D/Sala Road, Kangra, Himachal Pradesh, 176001",60.0,176001.0,32.0768665,76.2985872,0,,
10916,Mela Mal Sood Rotary Eye Hospital,,60.0,176102.0,32.0998031,76.2691006,0,,
10917,"Sood Nursing Home, Chahri","Chahri Road, Nagrota Bagwan, Kangra, Himachal Pradesh, 176047",60.0,176047.0,32.1053971,76.3789037,0,,
10918,Aastha Dental Care and Cure Clinic,,60.0,0.0,32.0998031,76.2691006,0,,
10919,Dr.R.K.Mahajan Diagnostic Centre,"Near Club Mahindra Hotel, Sheela Chowk, Kangra, Himachal Pradesh, 0",60.0,0.0,32.0768665,76.2985872,0,,
10920,Dr.V.K.Mahajan Clinic Diagnostic and Treatment Centre,"Opposite SBP, Kangra, Himachal Pradesh, 0",60.0,0.0,32.0998031,76.2691006,0,,
10921,Dr.Vijay Chaudhary Hospital,"Near Income Tax Office, Kangra, Himachal Pradesh, 0",60.0,0.0,12.9246632,80.1144076,0,,
10922,Guleria ENT Hospital,,60.0,0.0,32.0998031,76.2691006,0,,
10923,Jeewan Hospital,,60.0,176031.0,32.0998031,76.2691006,0,,
10924,Kapila Nursing Home,"Baijnath Road, Kangra, Himachal Pradesh, 0",60.0,0.0,32.0998031,76.2691006,0,,
10925,Karan Hospital,"Ghuggar Tanda, Kangra, Himachal Pradesh, 0",60.0,0.0,32.0946489,76.5300365,0,,
10926,Kashmiris Dental Clinic,"110 Lower Depot Bazar, Kangra, Himachal Pradesh, 0",60.0,0.0,17.4274818,78.4998505,0,,
10927,Khanna Clinic,"Civil Line, Kangra, Himachal Pradesh, 0",60.0,0.0,32.0998031,76.2691006,0,,
10928,Panchsheel Nursing Home Private Limited,"Near Railway Station, Kangra, Himachal Pradesh, 0",60.0,0.0,32.0998031,76.2691006,0,,
10929,Pathania Dental Clinic,"Near Rainbow School, Barol (Dari), Kangra, Himachal Pradesh, 0",60.0,0.0,31.301887,75.57624,0,,
10930,R.K.Nursing Home,"Birta, Kangra, Himachal Pradesh, 0",60.0,0.0,32.115883,76.2899071,0,,
10931,S.M.Eye Hospital,,60.0,176001.0,32.1075096,76.2744999,0,,
10932,Sehgals Dental Health Care Centre,"316-A Civil Lines (OppositeK.C.Bank H.Q.), Kacheri Doda College Road, Kangra, Himachal Pradesh, 0",60.0,0.0,32.0768665,76.2985872,0,,
10933,Smile Dental Clinic,"Dhameta Chowk, Jassour, Tehsil Nurpur, Kangra, Himachal Pradesh, 0",60.0,0.0,32.0768665,76.2985872,0,,
10934,Mahajan Medical and Health Care Centre,"Shyamnager, Kangra, Himachal Pradesh, 0",60.0,0.0,32.0998031,76.2691006,0,,
10935,Verma Dental Clinic,"Opposite SBP, Kangra, Himachal Pradesh, 0",60.0,0.0,32.0998031,76.2691006,0,,
10936,Sri Harihar Hospital and Research Centre,,63.0,175021.0,31.6516617,77.0092542,0,,
10937,Banga Associated Hospital (Eye Hospital),"Dadour Ner Chowk, Mandi, Himachal Pradesh, 175001",63.0,175001.0,31.6085219,76.9153281,0,,
10938,Banga Diagnostic,"Jail Road, Mandi, Himachal Pradesh, 175001",63.0,175001.0,31.7037018,76.9259812,0,,
10939,Mandav Hospital,"Jail Road, Mandi, Himachal Pradesh, 175001",63.0,175001.0,31.7037018,76.9259812,0,,
10940,Sanjeevan Hospital,"134/5, Mandi, Himachal Pradesh, 175001",63.0,175001.0,31.7086338,76.9275225,0,,
10941,Suket Hospital,"Lalit Chowk, Chatrokdi, Mandi, Himachal Pradesh, 175001",63.0,175001.0,31.6516617,77.0092542,0,,
10942,Kailash Clinic  Mandi,"Near Chanderlok Chobatta Bazar, Mandi, Himachal Pradesh, 0",63.0,0.0,31.7101213,76.9325094,0,,
10943,Mandi CT Scan and Diagnostic Centre,"Opposite Zonal Hospital, Mandi, Himachal Pradesh, 0",63.0,0.0,31.6516617,77.0092542,0,,
10944,K.S.Hospital,"Opposite Zonal Hospital, Mandi, Himachal Pradesh, 0",63.0,0.0,31.6516617,77.0092542,0,,
10945,"H.S.Malhotra Clinic, Mandi","91/8, Bhut Nath Bazar, Mandi, Himachal Pradesh, 175001",63.0,175001.0,31.7104853,76.9320314,0,,
10946,Tooth Care Dental Clinic andOrthodontics Centre,"82/10 Post Office Road, Mandi, Himachal Pradesh, 0",63.0,0.0,35.5234157,-79.1613046,0,,
10947,Jagriti Medical Centre,"Purani Mandi Near Middle School, Mandi, Himachal Pradesh, 0",63.0,0.0,31.0157458,73.8521521,0,,
10948,Health Care Medical Centre,"230/7 Upper Samkhetar, Mandi, Himachal Pradesh, 0",63.0,0.0,31.6516617,77.0092542,0,,
10949,Vinayak Eye Hospital,"Near Gurudwara Nerchowk, Mandi, Himachal Pradesh, 0",63.0,0.0,31.4655589,76.2658077,0,,
10950,Sai Charitable Hospital and Institute of Medical Sciences,"Tarot, POST Office  Kanaid, Tehsil SNR, Mandi, Himachal Pradesh, 0",63.0,0.0,31.6516617,77.0092542,0,,
10951,Sri Hari Har Dental Hospital and Research Centre,"Oral with Maxiliofacial Surgery, Prosthodentics, Orthodontics, Conservative Dentistry, Aerodonetics and Pedodentics, Mandi, Himachal Pradesh, 0",63.0,0.0,31.6516617,77.0092542,0,,
10952,Sri Hari Har Dental Hospital,"Boys School Bazar (Opposite-PNB), Mandi, Himachal Pradesh, 0",63.0,0.0,31.6516617,77.0092542,0,,
10953,Aastha Hospital Maternity Home and Trauma Centre,"Rana Market Complex Nerchowk, Mandi, Himachal Pradesh, 0",63.0,0.0,31.6516617,77.0092542,0,,
10954,"Dr.Suman Heart Centre, The Ridge Shimla","The Ridge, Shimla, Himachal Pradesh, 0",69.0,0.0,31.1047025,77.1739595,0,,
10955,"Indus Hospital, Shimla","Jakhoo, Shimla, Himachal Pradesh, 0",69.0,0.0,31.1048145,77.1734033,0,,
10956,JNS Eye Centre,"Neel Kunj, North Oak Sanjouli, Shimla, Himachal Pradesh, 0",69.0,0.0,31.1041526,77.1709729,0,,
10957,"Neuro Centre, Shimla","Keyonthal Complex, Khalini, Shimla, Himachal Pradesh, 0",69.0,0.0,31.0902089,77.1709387,0,,
10958,Malhotra Super Speciality Hospital,"Site No.8, Himuda, Bhautili Kalan, OppositeMahabir Spinning Mills, Near Unichem Lab, Baddi, Solan, Himachal Pradesh, 0",67.0,0.0,42.9431682,1.6950613,0,,
10959,Aakash Hospital and Diagnostic,"OppositeRadhaswami Satsang Bhawan, Pinjore Road, Solan, Himachal Pradesh, 0",67.0,0.0,42.9431682,1.6950613,0,,
10960,Life Line Hospital,"135-B, EPIP, Jharmajri, Solan, Himachal Pradesh, 0",67.0,0.0,42.9431682,1.6950613,0,,
10961,Navjeevan Nursing Home,"Rajgarh Road, Solan, Himachal Pradesh, 0",67.0,0.0,30.892449,77.1056296,0,,
10962,NRI Hospital,"Private  Limited Housing Board Colony, (Phase-III), Tehsil Nalagarh, Solan, Himachal Pradesh, 0",67.0,0.0,42.9431682,1.6950613,0,,
10963,Nanda Hospital,"Hamirpur Road, Una, Himachal Pradesh, 0",65.0,0.0,31.4809485,76.2731142,0,,
